,code,date,open,high,low,close,volume
0,002292,2009-09-10,5.322,5.702,5.056,5.189,265893.35
1,002292,2009-09-11,5.283,5.708,5.281,5.708,119960.77
2,002292,2009-09-14,5.892,6.158,5.588,5.835,177815.36
3,002292,2009-09-15,5.702,5.813,5.55,5.575,95536.92
4,002292,2009-09-16,5.513,6.077,5.513,5.86,95053.9
5,002292,2009-09-17,5.867,6.055,5.759,6.012,69713.02
6,002292,2009-09-18,5.966,6.583,5.966,6.206,86021.09
7,002292,2009-09-21,6.12,6.536,5.955,6.336,78850.46
8,002292,2009-09-22,6.219,6.339,5.886,5.886,60667.24
9,002292,2009-09-23,5.854,6.019,5.642,5.778,55889.15
10,002292,2009-09-24,5.717,5.85,5.514,5.613,39155.03
11,002292,2009-09-25,5.577,5.736,5.535,5.64,27138.47
12,002292,2009-09-28,5.779,5.926,5.35,5.446,36729.39
13,002292,2009-09-29,5.386,5.446,4.901,5.015,46920.75
14,002292,2009-09-30,5.098,5.133,4.942,4.952,32188.65
15,002292,2009-10-09,5.043,5.245,4.992,5.203,34061.47
16,002292,2009-10-12,5.218,5.251,5.022,5.136,26127.42
17,002292,2009-10-13,5.085,5.384,5.085,5.348,31199.3
18,002292,2009-10-14,5.307,5.507,5.291,5.309,38063.68
19,002292,2009-10-16,5.334,5.492,5.309,5.413,27503.43
20,002292,2009-10-19,5.414,5.687,5.4,5.613,30755.0
21,002292,2009-10-20,5.639,5.912,5.539,5.886,43499.35
22,002292,2009-10-21,5.803,5.905,5.677,5.689,30956.94
23,002292,2009-10-22,5.764,6.209,5.702,6.015,52695.52
24,002292,2009-10-23,6.063,6.181,5.955,6.015,41726.71
25,002292,2009-10-26,6.025,6.285,6.019,6.067,34213.16
26,002292,2009-10-27,5.943,5.943,5.617,5.639,45455.45
27,002292,2009-10-28,5.602,5.879,5.527,5.868,32383.44
28,002292,2009-10-29,5.717,5.846,5.64,5.683,28969.43
29,002292,2009-10-30,5.792,5.891,5.527,5.563,53688.6
30,002292,2009-11-02,5.296,5.559,5.199,5.531,32418.82
31,002292,2009-11-03,5.525,5.636,5.512,5.569,21083.58
32,002292,2009-11-04,5.575,5.698,5.522,5.651,21192.8
33,002292,2009-11-05,5.688,5.689,5.594,5.639,19184.91
34,002292,2009-11-06,5.664,5.701,5.596,5.597,22394.61
35,002292,2009-11-09,5.588,5.59,5.45,5.57,20107.21
36,002292,2009-11-10,5.599,5.661,5.525,5.601,23862.23
37,002292,2009-11-11,5.599,5.599,5.451,5.484,18515.49
38,002292,2009-11-12,5.475,5.556,5.466,5.506,15330.29
39,002292,2009-11-13,5.518,5.687,5.48,5.669,29004.68
40,002292,2009-11-16,5.68,5.803,5.639,5.725,28081.97
41,002292,2009-11-17,5.722,5.76,5.631,5.666,20616.19
42,002292,2009-11-18,5.677,5.677,5.564,5.608,18429.68
43,002292,2009-11-19,5.608,6.067,5.601,5.93,63285.34
44,002292,2009-11-20,5.854,5.926,5.803,5.877,28757.07
45,002292,2009-11-23,5.843,6.019,5.843,5.987,31539.04
46,002292,2009-11-24,5.991,6.145,5.519,5.611,42556.73
47,002292,2009-11-25,5.575,5.848,5.523,5.811,32363.38
48,002292,2009-11-26,5.829,6.044,5.62,5.691,41705.58
49,002292,2009-11-27,5.575,5.778,5.55,5.607,24538.11
50,002292,2009-11-30,5.685,5.791,5.62,5.784,22266.41
51,002292,2009-12-01,5.716,5.988,5.716,5.948,34318.89
52,002292,2009-12-02,5.957,6.323,5.898,6.178,61011.46
53,002292,2009-12-03,6.133,6.239,6.034,6.151,38442.8
54,002292,2009-12-04,6.126,6.128,5.677,5.777,50350.4
55,002292,2009-12-07,5.737,5.849,5.703,5.811,16595.4
56,002292,2009-12-08,5.816,5.826,5.615,5.722,20929.69
57,002292,2009-12-09,5.674,5.775,5.641,5.689,14646.0
58,002292,2009-12-10,5.689,5.854,5.661,5.717,47952.7
59,002292,2009-12-11,5.715,5.794,5.669,5.687,24097.13
60,002292,2009-12-14,5.679,5.687,5.395,5.518,33608.58
61,002292,2009-12-15,5.525,5.558,5.46,5.519,15750.46
62,002292,2009-12-16,5.49,5.532,5.464,5.488,13710.78
63,002292,2009-12-17,5.522,5.523,5.258,5.258,20910.97
64,002292,2009-12-18,5.209,5.245,5.03,5.085,21386.44
65,002292,2009-12-21,5.151,5.193,5.092,5.185,15846.33
66,002292,2009-12-22,5.212,5.227,5.043,5.07,15348.74
67,002292,2009-12-23,5.091,5.224,5.082,5.201,16088.35
68,002292,2009-12-24,5.218,5.355,5.167,5.343,18825.81
69,002292,2009-12-25,5.323,5.364,5.241,5.341,15120.31
70,002292,2009-12-28,5.459,5.547,5.367,5.411,16290.08
71,002292,2009-12-29,5.385,5.442,5.348,5.423,13559.82
72,002292,2009-12-30,5.436,5.443,5.307,5.336,17466.58
73,002292,2009-12-31,5.322,5.421,5.312,5.384,12082.55
74,002292,2010-01-04,5.442,5.587,5.409,5.516,25163.26
75,002292,2010-01-05,5.528,5.877,5.528,5.816,57024.71
76,002292,2010-01-06,5.74,5.801,5.627,5.679,33583.5
77,002292,2010-01-07,5.64,5.694,5.48,5.499,27760.32
78,002292,2010-01-08,5.455,5.588,5.45,5.573,13871.59
79,002292,2010-01-11,5.537,5.639,5.433,5.625,26959.2
80,002292,2010-01-12,5.607,5.803,5.57,5.693,29367.89
81,002292,2010-01-13,5.532,6.262,5.532,6.262,101394.2
82,002292,2010-01-14,6.462,6.771,6.361,6.545,120692.42
83,002292,2010-01-15,6.513,6.619,6.413,6.526,47345.74
84,002292,2010-01-18,6.47,6.713,6.412,6.602,53177.13
85,002292,2010-01-19,6.614,6.635,6.314,6.357,57168.37
86,002292,2010-01-20,6.357,6.446,5.746,5.831,70281.94
87,002292,2010-01-21,5.841,5.929,5.778,5.834,29404.91
88,002292,2010-01-22,5.702,5.775,5.45,5.59,35933.06
89,002292,2010-01-25,5.56,5.775,5.487,5.613,29314.62
90,002292,2010-01-26,5.63,5.644,5.379,5.449,24101.08
91,002292,2010-01-27,5.449,5.585,5.385,5.441,17102.91
92,002292,2010-01-28,5.409,5.532,5.409,5.494,12948.9
93,002292,2010-01-29,5.449,5.613,5.423,5.512,17977.95
94,002292,2010-02-01,5.525,5.525,5.196,5.267,18594.27
95,002292,2010-02-02,5.322,5.369,5.157,5.163,15903.75
96,002292,2010-02-03,5.189,5.293,5.053,5.272,18940.26
97,002292,2010-02-04,5.246,5.366,5.18,5.281,17470.52
98,002292,2010-02-05,5.208,5.376,5.17,5.328,20165.2
99,002292,2010-02-08,5.36,5.366,5.285,5.291,14779.36
100,002292,2010-02-09,5.291,5.312,5.142,5.165,11992.98
101,002292,2010-02-10,5.196,5.345,5.193,5.322,13104.68
102,002292,2010-02-11,5.322,5.43,5.279,5.373,13906.07
103,002292,2010-02-12,5.373,5.416,5.34,5.402,11144.47
104,002292,2010-02-22,5.346,5.4,5.275,5.307,13018.91
105,002292,2010-02-23,5.303,5.303,5.174,5.274,11480.71
106,002292,2010-02-24,5.26,5.499,5.199,5.488,20169.34
107,002292,2010-02-25,5.523,5.601,5.493,5.55,23701.97
108,002292,2010-02-26,5.575,5.639,5.483,5.57,17968.49
109,002292,2010-03-01,5.593,5.649,5.554,5.613,16357.22
110,002292,2010-03-02,5.672,5.758,5.611,5.613,20208.39
111,002292,2010-03-03,5.613,5.636,5.513,5.599,17151.76
112,002292,2010-03-04,5.602,5.682,5.423,5.468,20154.85
113,002292,2010-03-05,5.47,5.517,5.404,5.487,12787.05
114,002292,2010-03-08,5.488,5.615,5.436,5.615,13839.15
115,002292,2010-03-09,5.613,5.621,5.532,5.556,9787.45
116,002292,2010-03-10,5.559,5.813,5.556,5.808,48914.33
117,002292,2010-03-11,5.895,6.061,5.892,5.995,67158.58
118,002292,2010-03-12,5.916,5.981,5.831,5.848,32419.18
119,002292,2010-03-15,5.826,5.9,5.679,5.759,20121.97
120,002292,2010-03-16,5.758,5.889,5.731,5.84,19592.38
121,002292,2010-03-17,5.92,5.925,5.767,5.883,21176.61
122,002292,2010-03-18,5.902,6.0,5.87,5.955,19352.91
123,002292,2010-03-19,5.939,6.107,5.895,6.05,23206.93
124,002292,2010-03-22,6.052,6.082,5.953,6.015,14569.93
125,002292,2010-03-23,6.015,6.015,5.844,5.895,16805.52
126,002292,2010-03-24,5.93,6.145,5.886,6.069,22235.56
127,002292,2010-03-25,6.071,6.128,5.962,6.073,20264.95
128,002292,2010-03-26,6.05,6.09,5.931,6.047,18032.29
129,002292,2010-03-29,6.082,6.232,5.972,6.076,27175.55
130,002292,2010-03-30,5.979,6.161,5.882,6.137,39272.91
131,002292,2010-03-31,6.082,6.221,6.061,6.082,23554.41
132,002292,2010-04-01,6.082,6.123,5.962,6.045,30083.62
133,002292,2010-04-02,6.015,6.035,5.926,5.94,21141.99
134,002292,2010-04-06,5.94,6.004,5.889,6.001,15702.09
135,002292,2010-04-07,5.997,6.537,5.934,6.399,65080.66
136,002292,2010-04-08,6.336,6.51,6.31,6.336,43588.14
137,002292,2010-04-09,6.348,6.73,6.348,6.491,43450.12
138,002292,2010-04-12,6.485,6.61,6.463,6.584,24900.93
139,002292,2010-04-13,6.652,6.688,5.972,6.219,39787.97
140,002292,2010-04-14,6.134,6.196,6.067,6.133,18463.72
141,002292,2010-04-15,6.093,6.158,5.765,5.883,29503.65
142,002292,2010-04-16,5.829,6.019,5.811,5.954,12637.73
143,002292,2010-04-19,5.955,6.019,5.782,5.803,14247.0
144,002292,2010-04-20,5.704,5.93,5.702,5.905,12252.32
145,002292,2010-04-22,6.034,6.31,6.034,6.153,27838.55
146,002292,2010-04-23,6.133,6.398,6.057,6.336,30549.6
147,002292,2010-04-26,6.336,6.461,6.286,6.32,17889.04
148,002292,2010-04-27,6.398,6.398,5.955,6.044,18182.13
149,002292,2010-04-28,5.969,6.082,5.893,5.973,11704.6
150,002292,2010-04-29,6.0,6.172,5.972,5.972,11646.47
151,002292,2010-04-30,5.902,5.972,5.64,5.778,13331.69
152,002292,2010-05-04,5.553,5.979,5.553,5.677,15130.59
153,002292,2010-05-05,5.646,5.94,5.575,5.902,14945.28
154,002292,2010-05-06,5.904,6.058,5.859,5.859,20124.11
155,002292,2010-05-07,5.677,6.062,5.656,5.956,24735.25
156,002292,2010-05-10,5.956,6.021,5.36,5.36,37382.63
157,002292,2010-05-11,5.464,5.488,5.058,5.066,28410.23
158,002292,2010-05-12,5.064,5.089,4.708,4.963,18101.01
159,002292,2010-05-13,4.945,5.147,4.847,5.127,15067.43
160,002292,2010-05-14,5.068,5.245,5.018,5.192,19059.98
161,002292,2010-05-17,5.072,5.289,4.933,4.989,16716.52
162,002292,2010-05-18,4.977,5.147,4.977,5.125,12714.04
163,002292,2010-05-19,5.109,5.316,5.028,5.2,15190.51
164,002292,2010-05-20,5.2,5.308,5.07,5.172,14413.94
165,002292,2010-05-21,5.038,5.308,4.967,5.304,13838.29
166,002292,2010-05-24,5.373,5.614,5.373,5.571,27018.41
167,002292,2010-05-25,5.551,5.652,5.49,5.573,18158.86
168,002292,2010-05-26,5.535,5.606,5.366,5.427,15017.96
169,002292,2010-05-27,5.427,5.571,5.348,5.551,14428.24
170,002292,2010-05-28,5.596,5.729,5.551,5.689,26476.69
171,002292,2010-05-31,5.691,5.713,5.488,5.494,14263.3
172,002292,2010-06-01,5.488,5.492,5.042,5.231,18693.74
173,002292,2010-06-02,5.19,5.383,5.083,5.383,11097.52
174,002292,2010-06-03,5.334,5.529,5.334,5.399,15732.43
175,002292,2010-06-04,5.366,5.401,5.17,5.35,12885.07
176,002292,2010-06-07,5.18,5.839,5.17,5.733,31621.0
177,002292,2010-06-08,5.717,5.873,5.583,5.78,36066.92
178,002292,2010-06-09,5.869,5.924,5.721,5.819,33651.68
179,002292,2010-06-10,5.774,6.068,5.739,5.991,38898.68
180,002292,2010-06-11,6.017,6.017,5.827,5.877,21925.87
181,002292,2010-06-17,5.944,6.196,5.839,5.843,31775.99
182,002292,2010-06-18,5.837,5.837,5.358,5.472,26683.86
183,002292,2010-06-21,5.385,5.679,5.35,5.654,14169.69
184,002292,2010-06-22,5.618,5.784,5.618,5.652,9958.41
185,002292,2010-06-23,5.591,5.796,5.577,5.697,14914.84
186,002292,2010-06-24,5.776,5.776,5.656,5.677,10172.94
187,002292,2010-06-25,5.581,5.677,5.409,5.675,12672.5
188,002292,2010-06-29,5.535,5.575,5.107,5.107,18751.4
189,002292,2010-06-30,4.906,5.058,4.876,5.024,11509.83
190,002292,2010-07-01,4.985,5.099,4.969,5.028,7916.95
191,002292,2010-07-02,5.004,5.062,4.643,4.886,32422.52
192,002292,2010-07-05,4.819,4.864,4.724,4.764,14824.05
193,002292,2010-07-06,4.726,4.912,4.706,4.898,24214.65
194,002292,2010-07-07,4.916,5.018,4.837,4.997,12120.08
195,002292,2010-07-08,5.038,5.038,4.882,4.959,9548.26
196,002292,2010-07-09,4.987,5.231,4.892,5.222,19567.8
197,002292,2010-07-12,5.202,5.312,5.101,5.22,13109.0
198,002292,2010-07-13,5.145,5.225,5.068,5.117,8821.6
199,002292,2010-07-14,5.129,5.241,5.119,5.21,8360.31
200,002292,2010-07-15,5.21,5.21,5.048,5.07,9158.47
201,002292,2010-07-16,5.068,5.141,4.957,5.026,11183.23
202,002292,2010-07-19,4.967,5.17,4.935,5.135,13021.49
203,002292,2010-07-20,5.135,5.308,5.135,5.263,16172.4
204,002292,2010-07-21,5.265,5.413,5.214,5.261,16679.96
205,002292,2010-07-22,5.259,5.33,5.21,5.324,12894.45
206,002292,2010-07-23,5.312,5.366,5.19,5.271,11111.64
207,002292,2010-07-26,5.271,5.527,5.253,5.433,20802.93
208,002292,2010-07-27,5.413,5.614,5.348,5.545,27227.18
209,002292,2010-07-28,5.514,5.593,5.45,5.555,20436.11
210,002292,2010-07-29,5.571,5.737,5.551,5.648,33645.71
211,002292,2010-07-30,5.62,5.837,5.559,5.829,45150.25
212,002292,2010-08-02,5.796,5.9,5.758,5.841,44020.25
213,002292,2010-08-03,5.875,5.879,5.636,5.642,39143.88
214,002292,2010-08-04,5.636,5.748,5.443,5.739,30699.67
215,002292,2010-08-05,5.677,5.839,5.62,5.721,32064.31
216,002292,2010-08-06,5.707,5.776,5.612,5.77,27104.58
217,002292,2010-08-09,5.794,5.95,5.782,5.916,43969.0
218,002292,2010-08-10,5.954,5.954,5.636,5.638,28577.77
219,002292,2010-08-11,5.642,5.695,5.571,5.628,15074.34
220,002292,2010-08-12,5.537,5.741,5.537,5.577,19108.63
221,002292,2010-08-13,5.593,5.711,5.506,5.673,16927.85
222,002292,2010-08-16,5.679,5.873,5.679,5.839,28209.24
223,002292,2010-08-17,5.9,5.94,5.814,5.835,32139.73
224,002292,2010-08-18,5.833,5.835,5.719,5.758,21994.21
225,002292,2010-08-19,5.764,5.859,5.744,5.819,21196.3
226,002292,2010-08-20,5.819,5.861,5.699,5.707,23415.13
227,002292,2010-08-23,5.677,5.746,5.545,5.606,17454.82
228,002292,2010-08-24,5.608,5.879,5.569,5.798,21909.67
229,002292,2010-08-25,5.778,6.082,5.737,5.9,99164.01
230,002292,2010-08-26,5.904,6.486,5.829,6.366,103296.0
231,002292,2010-08-27,6.285,6.589,6.24,6.323,65007.0
232,002292,2010-08-30,6.386,6.561,6.26,6.488,50955.0
233,002292,2010-08-31,6.461,6.749,6.295,6.587,71350.0
234,002292,2010-09-01,6.579,6.65,6.244,6.315,61439.0
235,002292,2010-09-02,6.36,6.441,6.204,6.378,38028.0
236,002292,2010-09-03,6.439,6.459,6.244,6.323,36003.0
237,002292,2010-09-06,6.376,6.508,6.202,6.23,36791.0
238,002292,2010-09-07,6.206,6.329,6.082,6.323,27041.0
239,002292,2010-09-08,6.295,6.528,6.226,6.447,40862.0
240,002292,2010-09-09,6.538,6.589,6.2,6.214,40612.0
241,002292,2010-09-10,6.143,6.224,6.042,6.185,27391.0
242,002292,2010-09-13,6.145,6.386,6.143,6.285,29537.0
243,002292,2010-09-14,6.285,6.36,6.082,6.24,25037.0
244,002292,2010-09-15,6.204,6.24,5.839,5.896,36453.0
245,002292,2010-09-16,5.896,6.037,5.713,6.007,35641.0
246,002292,2010-09-17,5.969,6.183,5.942,6.123,30351.0
247,002292,2010-09-20,6.123,6.181,5.831,6.123,29866.0
248,002292,2010-09-21,6.102,6.179,5.983,6.005,14337.0
249,002292,2010-09-27,6.001,6.123,5.932,6.076,14384.0
250,002292,2010-09-28,6.076,6.082,5.889,5.9,13589.0
251,002292,2010-09-29,5.906,6.082,5.859,5.93,11273.0
252,002292,2010-09-30,5.93,6.017,5.9,5.997,9352.0
253,002292,2010-10-08,6.052,6.179,6.013,6.157,22970.0
254,002292,2010-10-11,6.153,6.179,6.062,6.08,23702.0
255,002292,2010-10-12,6.062,6.329,6.044,6.311,49732.0
256,002292,2010-10-13,6.325,6.325,6.151,6.224,32648.0
257,002292,2010-10-14,6.228,6.254,5.78,5.808,53305.0
258,002292,2010-10-15,5.737,5.788,5.293,5.502,64058.0
259,002292,2010-10-18,5.47,5.47,5.231,5.362,34462.0
260,002292,2010-10-19,5.373,5.664,5.362,5.624,50620.0
261,002292,2010-10-20,5.514,5.632,5.454,5.525,26641.0
262,002292,2010-10-21,5.535,5.573,5.47,5.545,24145.0
263,002292,2010-10-22,5.551,5.656,5.494,5.61,21996.0
264,002292,2010-10-25,5.604,5.81,5.596,5.772,29129.0
265,002292,2010-10-26,5.784,5.9,5.717,5.778,29971.0
266,002292,2010-10-27,5.778,5.93,5.744,5.77,28761.0
267,002292,2010-10-28,5.768,5.898,5.758,5.877,37282.0
268,002292,2010-10-29,5.831,5.981,5.737,5.962,41791.0
269,002292,2010-11-01,5.94,6.031,5.869,5.987,36857.0
270,002292,2010-11-02,5.997,6.025,5.78,5.782,37943.0
271,002292,2010-11-03,5.778,5.778,5.565,5.575,46840.0
272,002292,2010-11-04,5.575,5.717,5.575,5.699,30292.0
273,002292,2010-11-05,5.776,5.798,5.648,5.695,25909.0
274,002292,2010-11-08,5.739,6.072,5.699,6.037,60757.0
275,002292,2010-11-09,6.021,6.143,5.942,6.139,51617.0
276,002292,2010-11-10,6.123,6.518,6.088,6.309,77369.0
277,002292,2010-11-11,6.234,6.376,6.025,6.042,49128.0
278,002292,2010-11-12,6.001,6.244,5.969,6.082,71056.0
279,002292,2010-11-15,6.102,6.69,6.088,6.69,93800.0
280,002292,2010-11-16,6.814,7.015,6.427,6.672,125676.0
281,002292,2010-11-17,6.49,6.65,6.042,6.175,58173.0
282,002292,2010-11-18,6.285,6.794,6.137,6.794,92509.0
283,002292,2010-11-19,6.895,7.203,6.64,7.096,113029.0
284,002292,2010-11-22,7.075,7.412,6.893,7.136,87769.0
285,002292,2010-11-23,7.055,7.319,6.812,7.278,57114.0
286,002292,2010-11-24,7.167,7.475,7.098,7.258,56412.0
287,002292,2010-11-25,7.197,7.248,6.885,7.009,48871.0
288,002292,2010-11-26,7.009,7.132,6.897,7.078,33534.0
289,002292,2010-11-29,7.007,7.258,6.974,7.177,32494.0
290,002292,2010-11-30,7.177,7.177,6.498,6.812,47644.0
291,002292,2010-12-01,6.704,6.958,6.65,6.958,22305.0
292,002292,2010-12-02,6.95,6.992,6.822,6.903,21718.0
293,002292,2010-12-03,6.903,7.051,6.802,6.934,17489.0
294,002292,2010-12-06,6.911,6.913,6.524,6.619,25948.0
295,002292,2010-12-07,6.554,6.741,6.494,6.721,19174.0
296,002292,2010-12-08,6.723,7.221,6.721,6.974,33209.0
297,002292,2010-12-09,6.984,7.065,6.852,7.017,21499.0
298,002292,2010-12-10,7.015,7.122,6.925,7.092,24083.0
299,002292,2010-12-13,7.177,7.603,7.108,7.493,51013.0
300,002292,2010-12-14,7.499,7.663,7.303,7.627,41241.0
301,002292,2010-12-15,7.674,7.684,7.453,7.485,29167.0
302,002292,2010-12-16,7.422,7.582,7.412,7.501,20214.0
303,002292,2010-12-17,7.481,7.481,7.319,7.469,15812.0
304,002292,2010-12-20,7.43,7.663,7.298,7.601,37117.0
305,002292,2010-12-21,7.574,7.661,7.4,7.461,18861.0
306,002292,2010-12-22,7.44,7.501,7.201,7.27,21022.0
307,002292,2010-12-23,7.201,7.278,7.055,7.185,17897.0
308,002292,2010-12-24,7.088,7.136,6.824,6.877,20401.0
309,002292,2010-12-27,6.85,7.031,6.548,6.852,16937.0
310,002292,2010-12-28,6.804,6.822,6.646,6.812,9944.0
311,002292,2010-12-29,6.798,6.984,6.798,6.936,11949.0
312,002292,2010-12-30,6.942,7.035,6.731,7.002,18683.0
313,002292,2010-12-31,6.97,7.092,6.954,7.092,14386.0
314,002292,2011-01-04,7.092,7.157,7.005,7.073,15402.0
315,002292,2011-01-05,7.075,7.08,6.836,6.852,21700.0
316,002292,2011-01-06,6.834,6.85,6.707,6.832,11527.0
317,002292,2011-01-07,6.81,6.944,6.707,6.852,11404.0
318,002292,2011-01-10,6.852,6.861,6.625,6.627,11817.0
319,002292,2011-01-11,6.623,6.68,6.285,6.394,20063.0
320,002292,2011-01-12,6.388,6.437,6.301,6.34,11928.0
321,002292,2011-01-13,6.368,6.481,6.35,6.441,10509.0
322,002292,2011-01-14,6.402,6.427,6.204,6.376,7795.0
323,002292,2011-01-17,6.358,6.358,5.944,6.029,13849.0
324,002292,2011-01-18,6.019,6.092,5.96,6.092,6940.0
325,002292,2011-01-19,6.092,6.216,6.072,6.177,6587.0
326,002292,2011-01-20,6.179,6.183,5.981,6.062,10942.0
327,002292,2011-01-21,6.042,6.163,6.003,6.082,5777.0
328,002292,2011-01-24,6.09,6.123,5.748,5.798,13747.0
329,002292,2011-01-25,5.794,5.881,5.636,5.798,7357.0
330,002292,2011-01-26,5.879,5.906,5.778,5.843,8083.0
331,002292,2011-01-27,5.831,5.956,5.685,5.94,8170.0
332,002292,2011-01-28,5.918,6.072,5.887,6.04,5848.0
333,002292,2011-01-31,5.952,6.121,5.952,6.082,7194.0
334,002292,2011-02-01,6.086,6.212,6.062,6.157,8607.0
335,002292,2011-02-09,6.123,6.143,5.96,5.971,7088.0
336,002292,2011-02-10,5.922,6.102,5.922,6.096,10409.0
337,002292,2011-02-11,6.096,6.336,6.062,6.206,14345.0
338,002292,2011-02-14,6.204,6.305,6.169,6.26,10433.0
339,002292,2011-02-15,6.285,6.317,6.202,6.242,9101.0
340,002292,2011-02-16,6.224,6.315,6.185,6.299,9528.0
341,002292,2011-02-17,6.305,6.366,6.254,6.269,10764.0
342,002292,2011-02-18,6.269,6.441,6.256,6.37,13482.0
343,002292,2011-02-21,6.291,6.455,6.291,6.447,11594.0
344,002292,2011-02-22,6.447,6.64,6.246,6.297,14220.0
345,002292,2011-02-23,6.297,6.447,6.244,6.417,12903.0
346,002292,2011-02-24,6.443,6.528,6.305,6.439,12769.0
347,002292,2011-02-25,6.439,6.538,6.319,6.445,11112.0
348,002292,2011-02-28,6.524,6.723,6.447,6.676,18478.0
349,002292,2011-03-01,6.68,6.855,6.65,6.749,18621.0
350,002292,2011-03-02,6.67,6.751,6.607,6.731,9578.0
351,002292,2011-03-03,6.743,6.812,6.53,6.536,8027.0
352,002292,2011-03-04,6.546,6.605,6.457,6.605,7756.0
353,002292,2011-03-07,6.638,6.642,6.504,6.569,10363.0
354,002292,2011-03-08,6.554,6.554,6.437,6.498,9162.0
355,002292,2011-03-09,6.498,6.542,6.439,6.488,7865.0
356,002292,2011-03-10,6.457,6.619,6.423,6.579,10693.0
357,002292,2011-03-11,6.569,6.609,6.372,6.488,9394.0
358,002292,2011-03-14,6.406,6.467,6.226,6.323,13187.0
359,002292,2011-03-15,6.289,6.323,6.062,6.258,11732.0
360,002292,2011-03-16,6.222,6.336,6.183,6.297,6408.0
361,002292,2011-03-17,6.206,6.398,6.086,6.244,8325.0
362,002292,2011-03-18,6.254,6.333,6.206,6.283,3228.0
363,002292,2011-03-21,6.283,6.313,6.163,6.26,5693.0
364,002292,2011-03-22,6.265,6.323,6.188,6.323,6993.0
365,002292,2011-03-23,6.323,6.433,6.289,6.344,7838.0
366,002292,2011-03-24,6.344,6.542,6.338,6.406,16848.0
367,002292,2011-03-25,6.408,6.467,6.346,6.406,10343.0
368,002292,2011-03-28,6.406,6.467,6.218,6.218,8183.0
369,002292,2011-03-29,6.22,6.258,6.042,6.155,10064.0
370,002292,2011-03-30,6.163,6.218,6.021,6.173,7631.0
371,002292,2011-03-31,6.224,6.256,6.131,6.204,3867.0
372,002292,2011-04-01,6.281,6.333,6.214,6.301,5312.0
373,002292,2011-04-06,6.305,6.396,6.285,6.319,9987.0
374,002292,2011-04-07,6.323,6.376,6.139,6.22,7218.0
375,002292,2011-04-08,6.22,6.317,6.155,6.317,6780.0
376,002292,2011-04-11,6.325,6.336,6.214,6.228,6113.0
377,002292,2011-04-12,6.228,6.34,6.185,6.329,7295.0
378,002292,2011-04-13,6.303,6.486,6.265,6.465,11681.0
379,002292,2011-04-14,6.481,6.569,6.423,6.467,10545.0
380,002292,2011-04-15,6.538,6.808,6.538,6.66,18205.0
381,002292,2011-04-18,6.548,6.629,6.498,6.552,8774.0
382,002292,2011-04-19,6.559,6.788,6.559,6.704,19488.0
383,002292,2011-04-21,6.792,7.015,6.69,6.692,21557.0
384,002292,2011-04-22,6.686,6.798,6.514,6.642,10372.0
385,002292,2011-04-25,6.605,6.79,6.563,6.646,11378.0
386,002292,2011-04-26,6.589,6.68,6.396,6.457,10695.0
387,002292,2011-04-27,6.471,6.544,6.368,6.488,6099.0
388,002292,2011-04-28,6.528,6.532,6.183,6.315,9290.0
389,002292,2011-04-29,6.285,6.329,6.183,6.285,6944.0
390,002292,2011-05-03,6.309,6.342,6.157,6.315,6136.0
391,002292,2011-05-04,6.311,6.311,6.175,6.248,4687.0
392,002292,2011-05-05,6.188,6.477,6.188,6.39,8542.0
393,002292,2011-05-06,6.366,6.488,6.297,6.427,6650.0
394,002292,2011-05-09,6.445,6.569,6.441,6.486,7458.0
395,002292,2011-05-10,6.494,6.542,6.427,6.536,6923.0
396,002292,2011-05-11,6.556,6.729,6.353,6.641,16337.0
397,002292,2011-05-12,6.598,6.615,6.428,6.445,12022.0
398,002292,2011-05-13,6.418,6.484,6.192,6.412,14355.0
399,002292,2011-05-16,6.353,6.54,6.284,6.304,18654.0
400,002292,2011-05-17,6.232,6.382,6.232,6.337,8696.0
401,002292,2011-05-18,6.337,6.392,6.238,6.343,6619.0
402,002292,2011-05-19,6.373,6.373,6.261,6.34,6077.0
403,002292,2011-05-20,6.32,6.356,6.255,6.33,5120.0
404,002292,2011-05-23,6.373,6.373,5.911,6.107,14195.0
405,002292,2011-05-24,6.078,6.091,5.836,5.989,8425.0
406,002292,2011-05-25,5.989,6.061,5.796,5.832,5965.0
407,002292,2011-05-26,5.891,6.009,5.822,5.894,10442.0
408,002292,2011-05-27,5.957,5.957,5.626,5.796,10156.0
409,002292,2011-05-30,5.796,6.094,5.763,6.029,17671.0
410,002292,2011-05-31,5.986,6.094,5.94,6.084,7849.0
411,002292,2011-06-01,6.107,6.153,5.996,6.032,5789.0
412,002292,2011-06-02,5.97,6.022,5.924,5.93,6627.0
413,002292,2011-06-03,5.953,6.009,5.927,5.989,5148.0
414,002292,2011-06-07,5.996,6.088,5.93,6.042,7065.0
415,002292,2011-06-08,6.084,6.084,5.917,5.989,5192.0
416,002292,2011-06-09,5.993,5.993,5.806,5.924,7655.0
417,002292,2011-06-10,5.924,5.937,5.836,5.872,3367.0
418,002292,2011-06-13,5.868,5.904,5.718,5.888,3748.0
419,002292,2011-06-14,6.025,6.025,5.898,5.947,4050.0
420,002292,2011-06-15,5.93,5.989,5.845,5.914,5984.0
421,002292,2011-06-16,6.12,6.507,6.042,6.091,32802.0
422,002292,2011-06-17,5.957,6.045,5.865,5.944,14683.0
423,002292,2011-06-20,5.878,5.904,5.636,5.829,9932.0
424,002292,2011-06-21,5.829,5.94,5.734,5.937,7835.0
425,002292,2011-06-22,5.921,5.947,5.783,5.927,8202.0
426,002292,2011-06-23,5.927,6.058,5.796,6.058,7340.0
427,002292,2011-06-24,6.022,6.327,5.996,6.238,21780.0
428,002292,2011-06-27,6.238,6.301,6.163,6.281,12668.0
429,002292,2011-06-28,6.278,6.281,6.225,6.255,7606.0
430,002292,2011-06-29,6.222,6.34,6.16,6.16,14085.0
431,002292,2011-06-30,6.212,6.274,6.13,6.222,8281.0
432,002292,2011-07-01,6.222,6.255,6.156,6.219,9442.0
433,002292,2011-07-04,6.215,6.33,6.166,6.314,12850.0
434,002292,2011-07-05,6.337,6.451,6.284,6.451,17143.0
435,002292,2011-07-06,6.458,6.762,6.454,6.762,45518.0
436,002292,2011-07-07,6.713,6.942,6.589,6.877,51884.0
437,002292,2011-07-08,6.926,7.008,6.71,6.811,62272.0
438,002292,2011-07-11,6.739,6.808,6.618,6.743,21363.0
439,002292,2011-07-12,6.746,6.887,6.68,6.72,25826.0
440,002292,2011-07-13,6.736,6.828,6.631,6.779,18404.0
441,002292,2011-07-14,6.844,6.854,6.697,6.788,14985.0
442,002292,2011-07-15,6.782,6.946,6.739,6.913,33576.0
443,002292,2011-07-18,6.919,6.969,6.831,6.926,21656.0
444,002292,2011-07-19,6.926,6.939,6.654,6.677,21452.0
445,002292,2011-07-20,6.69,6.759,6.582,6.713,22487.0
446,002292,2011-07-21,6.651,6.68,6.549,6.589,7918.0
447,002292,2011-07-22,6.605,6.703,6.589,6.602,6309.0
448,002292,2011-07-25,6.608,6.631,6.264,6.291,15688.0
449,002292,2011-07-26,6.291,6.382,6.206,6.33,8896.0
450,002292,2011-07-28,6.346,6.409,6.232,6.373,9915.0
451,002292,2011-07-29,6.373,6.448,6.294,6.402,9295.0
452,002292,2011-08-01,6.356,6.435,6.353,6.386,6110.0
453,002292,2011-08-02,6.395,6.395,6.143,6.291,8097.0
454,002292,2011-08-03,6.215,6.431,6.16,6.428,7550.0
455,002292,2011-08-04,6.435,6.54,6.369,6.428,6074.0
456,002292,2011-08-05,6.238,6.346,5.894,6.33,7827.0
457,002292,2011-08-08,6.232,6.314,5.855,6.091,13480.0
458,002292,2011-08-09,5.957,6.117,5.855,6.058,11812.0
459,002292,2011-08-10,6.153,6.304,6.12,6.124,9580.0
460,002292,2011-08-11,5.957,6.441,5.937,6.376,18168.0
461,002292,2011-08-12,6.379,6.592,6.353,6.497,16751.0
462,002292,2011-08-15,6.572,6.631,6.435,6.566,12877.0
463,002292,2011-08-16,6.631,6.664,6.454,6.566,10133.0
464,002292,2011-08-17,6.536,6.562,6.438,6.549,10809.0
465,002292,2011-08-18,6.523,6.562,6.395,6.5,7782.0
466,002292,2011-08-19,6.418,6.533,6.346,6.517,9917.0
467,002292,2011-08-22,6.507,6.598,6.461,6.549,9523.0
468,002292,2011-08-23,6.556,6.772,6.556,6.707,22548.0
469,002292,2011-08-24,6.746,6.772,6.651,6.654,11207.0
470,002292,2011-08-25,6.598,6.664,6.484,6.654,15624.0
471,002292,2011-08-26,6.648,6.71,6.602,6.651,10798.0
472,002292,2011-08-29,6.648,6.707,6.549,6.605,9079.0
473,002292,2011-08-30,6.631,6.746,6.576,6.644,17077.0
474,002292,2011-08-31,6.625,6.703,6.451,6.556,11188.0
475,002292,2011-09-01,6.553,6.582,6.5,6.507,6285.0
476,002292,2011-09-02,6.487,6.605,6.448,6.451,5952.0
477,002292,2011-09-05,6.431,6.431,6.215,6.287,8839.0
478,002292,2011-09-06,6.251,6.327,6.15,6.284,6594.0
479,002292,2011-09-07,6.314,6.376,6.199,6.346,4115.0
480,002292,2011-09-08,6.343,6.379,6.156,6.166,9991.0
481,002292,2011-09-09,6.222,6.278,6.058,6.065,3824.0
482,002292,2011-09-13,6.022,6.025,5.852,5.993,8030.0
483,002292,2011-09-14,5.989,6.052,5.894,6.025,3946.0
484,002292,2011-09-15,6.029,6.114,5.993,6.084,5446.0
485,002292,2011-09-16,6.091,6.14,6.088,6.111,3453.0
486,002292,2011-09-19,6.084,6.084,5.917,5.95,5048.0
487,002292,2011-09-20,6.084,6.091,5.894,5.996,2436.0
488,002292,2011-09-21,6.025,6.281,5.95,6.189,14119.0
489,002292,2011-09-22,6.14,6.206,6.025,6.025,6668.0
490,002292,2011-09-23,5.937,6.117,5.911,6.068,9642.0
491,002292,2011-09-26,6.071,6.143,5.95,5.976,6238.0
492,002292,2011-09-27,5.993,6.117,5.993,5.993,5475.0
493,002292,2011-09-28,6.078,6.081,5.763,5.799,9444.0
494,002292,2011-09-29,5.796,5.842,5.583,5.665,8675.0
495,002292,2011-09-30,5.695,5.698,5.501,5.665,3662.0
496,002292,2011-10-10,5.705,5.767,5.616,5.642,3891.0
497,002292,2011-10-11,5.891,5.891,5.665,5.705,5840.0
498,002292,2011-10-12,5.698,6.156,5.632,6.12,13017.0
499,002292,2011-10-13,6.091,6.343,6.071,6.301,23288.0
500,002292,2011-10-14,6.297,6.317,6.17,6.281,10796.0
501,002292,2011-10-17,6.32,6.468,6.189,6.222,23476.0
502,002292,2011-10-18,6.124,6.179,5.993,6.019,20499.0
503,002292,2011-10-19,6.094,6.32,6.042,6.058,28411.0
504,002292,2011-10-20,6.124,6.323,5.993,6.022,47013.0
505,002292,2011-10-21,6.022,6.022,5.57,5.665,26704.0
506,002292,2011-10-24,5.665,5.993,5.24,5.901,29565.0
507,002292,2011-10-25,5.901,6.176,5.773,6.075,45205.0
508,002292,2011-10-26,6.061,6.684,6.022,6.684,113575.0
509,002292,2011-10-27,6.86,7.286,6.824,6.942,232767.0
510,002292,2011-10-28,6.975,7.614,6.969,7.407,226599.0
511,002292,2011-10-31,7.231,8.023,7.208,7.696,243490.0
512,002292,2011-11-01,7.538,7.951,7.502,7.686,174947.0
513,002292,2011-11-02,7.509,8.154,7.509,8.033,207654.0
514,002292,2011-11-03,7.948,8.02,7.673,7.692,184140.0
515,002292,2011-11-04,7.699,8.075,7.584,7.843,148165.0
516,002292,2011-11-07,7.774,7.974,7.702,7.957,106797.0
517,002292,2011-11-08,8.056,8.154,7.62,7.686,115581.0
518,002292,2011-11-09,7.614,7.984,7.345,7.964,196426.0
519,002292,2011-11-10,7.794,7.823,7.168,7.198,177249.0
520,002292,2011-11-11,7.208,7.483,7.106,7.231,131005.0
521,002292,2011-11-14,7.263,7.456,7.231,7.378,93390.0
522,002292,2011-11-15,7.335,8.115,7.257,8.115,210279.0
523,002292,2011-11-16,8.18,8.249,7.856,8.105,246073.0
524,002292,2011-11-17,8.075,8.177,7.902,7.98,114832.0
525,002292,2011-11-18,7.912,7.974,7.368,7.407,123028.0
526,002292,2011-11-21,7.401,7.466,7.24,7.401,71107.0
527,002292,2011-11-22,7.303,7.548,7.204,7.332,94672.0
528,002292,2011-11-23,7.348,8.039,7.247,7.768,180496.0
529,002292,2011-11-24,7.673,8.02,7.565,7.817,152069.0
530,002292,2011-11-25,7.761,8.599,7.673,8.416,282933.0
531,002292,2011-11-28,8.367,8.593,8.072,8.305,223647.0
532,002292,2011-11-29,8.269,8.717,8.229,8.514,202161.0
533,002292,2011-11-30,8.301,8.364,7.663,7.663,216093.0
534,002292,2011-12-01,7.925,8.013,7.666,7.722,138723.0
535,002292,2011-12-02,7.538,7.853,7.08,7.404,141437.0
536,002292,2011-12-05,7.286,7.584,7.109,7.181,83316.0
537,002292,2011-12-06,7.211,7.525,6.91,7.434,136215.0
538,002292,2011-12-07,7.368,7.748,7.312,7.646,147242.0
539,002292,2011-12-08,7.614,8.35,7.542,8.049,188507.0
540,002292,2011-12-09,7.908,8.072,7.689,7.732,119847.0
541,002292,2011-12-12,7.633,8.203,7.633,7.918,146240.0
542,002292,2011-12-13,7.8,8.023,7.276,7.758,88145.0
543,002292,2011-12-14,8.049,8.36,7.81,7.81,163054.0
544,002292,2011-12-15,7.591,8.269,7.427,7.974,122895.0
545,002292,2011-12-16,7.696,8.684,7.673,8.684,269405.0
546,002292,2011-12-19,8.58,9.441,8.386,9.14,309415.0
547,002292,2011-12-20,8.989,9.136,8.681,8.737,200311.0
548,002292,2011-12-21,8.838,9.277,8.743,8.779,220679.0
549,002292,2011-12-22,8.609,9.166,8.2,8.973,216933.0
550,002292,2011-12-23,8.842,9.127,8.635,8.842,158661.0
551,002292,2011-12-26,8.753,9.038,8.409,8.419,134832.0
552,002292,2011-12-27,8.219,8.547,7.853,7.964,162068.0
553,002292,2011-12-28,7.794,8.334,7.738,8.318,150016.0
554,002292,2011-12-29,8.249,8.314,7.99,8.088,116142.0
555,002292,2011-12-30,8.105,8.514,8.105,8.229,103194.0
556,002292,2012-01-04,8.386,8.989,8.38,8.573,170244.0
557,002292,2012-01-05,8.436,8.766,8.377,8.442,155181.0
558,002292,2012-01-06,8.285,8.403,7.82,8.39,145340.0
559,002292,2012-01-09,8.347,8.933,8.269,8.786,170230.0
560,002292,2012-01-10,8.776,9.556,8.701,9.536,259616.0
561,002292,2012-01-11,9.402,9.647,9.294,9.297,193257.0
562,002292,2012-01-12,9.267,9.539,9.087,9.244,158514.0
563,002292,2012-01-13,9.235,9.3,8.727,8.835,151631.0
564,002292,2012-01-16,8.662,8.999,8.383,8.874,123072.0
565,002292,2012-01-17,8.776,9.438,8.426,9.3,164188.0
566,002292,2012-01-18,9.202,9.464,8.848,8.881,153470.0
567,002292,2012-01-19,8.514,8.612,7.994,7.994,188663.0
568,002292,2012-01-20,7.777,8.187,7.699,7.899,123906.0
569,002292,2012-01-30,7.925,8.138,7.925,8.0,76964.0
570,002292,2012-01-31,8.0,8.134,7.542,8.079,104528.0
571,002292,2012-02-01,7.957,8.039,7.735,7.745,66956.0
572,002292,2012-02-02,7.771,8.023,7.62,7.961,103843.0
573,002292,2012-02-03,7.918,8.036,7.807,7.967,92465.0
574,002292,2012-02-06,7.908,8.121,7.908,7.971,82036.0
575,002292,2012-02-07,7.918,8.246,7.83,8.098,149914.0
576,002292,2012-02-08,8.049,8.252,8.0,8.233,114314.0
577,002292,2012-02-09,8.216,8.58,8.174,8.318,148213.0
578,002292,2012-02-10,8.314,8.419,8.157,8.252,97677.0
579,002292,2012-02-13,8.187,8.94,8.138,8.668,191504.0
580,002292,2012-02-14,8.645,8.681,8.416,8.544,114894.0
581,002292,2012-02-15,8.54,8.789,8.459,8.698,123999.0
582,002292,2012-02-16,8.727,8.989,8.609,8.684,125011.0
583,002292,2012-02-17,8.645,8.727,8.419,8.593,93011.0
584,002292,2012-02-20,8.694,9.11,8.639,8.714,145699.0
585,002292,2012-02-21,8.671,9.195,8.573,9.054,203317.0
586,002292,2012-02-22,9.022,9.192,8.94,9.104,142559.0
587,002292,2012-02-23,9.035,9.12,8.858,8.937,115461.0
588,002292,2012-02-24,8.943,9.189,8.842,8.95,138935.0
589,002292,2012-02-27,8.989,9.356,8.878,9.117,170286.0
590,002292,2012-02-28,9.104,9.431,9.048,9.248,194627.0
591,002292,2012-02-29,9.395,9.624,8.809,8.835,201498.0
592,002292,2012-03-01,8.629,8.933,8.612,8.773,92607.0
593,002292,2012-03-02,8.793,8.956,8.779,8.93,74291.0
594,002292,2012-03-05,8.93,9.3,8.907,9.117,130473.0
595,002292,2012-03-06,9.071,9.222,8.907,8.953,82671.0
596,002292,2012-03-07,8.851,9.218,8.819,9.104,106188.0
597,002292,2012-03-08,9.107,9.474,9.064,9.274,145994.0
598,002292,2012-03-09,9.251,9.375,9.159,9.284,97814.0
599,002292,2012-03-12,9.303,9.687,9.189,9.628,161665.0
600,002292,2012-03-13,9.569,9.621,9.349,9.503,114111.0
601,002292,2012-03-14,9.529,9.546,8.596,8.809,159301.0
602,002292,2012-03-15,8.72,8.891,8.35,8.514,91774.0
603,002292,2012-03-16,8.531,8.704,8.436,8.675,69710.0
604,002292,2012-03-19,8.668,8.743,8.452,8.737,68191.0
605,002292,2012-03-20,8.711,8.711,8.472,8.478,47744.0
606,002292,2012-03-21,8.54,8.619,8.37,8.544,52138.0
607,002292,2012-03-22,8.514,8.563,8.4,8.409,38120.0
608,002292,2012-03-23,8.373,8.58,8.311,8.364,48531.0
609,002292,2012-03-26,8.337,8.432,8.052,8.138,41294.0
610,002292,2012-03-27,8.2,8.305,8.124,8.157,30712.0
611,002292,2012-03-28,8.147,8.219,7.702,7.849,55598.0
612,002292,2012-03-29,7.794,7.921,7.653,7.679,40367.0
613,002292,2012-03-30,7.682,7.761,7.185,7.414,55420.0
614,002292,2012-04-05,7.384,7.643,7.319,7.62,55054.0
615,002292,2012-04-06,7.61,7.709,7.561,7.682,48269.0
616,002292,2012-04-09,7.653,7.653,7.355,7.378,43962.0
617,002292,2012-04-10,7.332,7.581,7.28,7.574,54489.0
618,002292,2012-04-11,7.532,7.781,7.42,7.656,76771.0
619,002292,2012-04-12,7.692,7.761,7.545,7.725,61764.0
620,002292,2012-04-13,7.699,8.121,7.656,7.925,89016.0
621,002292,2012-04-16,7.826,7.899,7.764,7.81,47170.0
622,002292,2012-04-17,7.81,7.853,7.601,7.627,53766.0
623,002292,2012-04-18,7.646,7.774,7.637,7.741,51565.0
624,002292,2012-04-19,7.761,7.846,7.663,7.696,47685.0
625,002292,2012-04-20,7.702,7.833,7.548,7.758,59209.0
626,002292,2012-04-23,7.696,7.728,7.214,7.247,68800.0
627,002292,2012-04-24,7.191,7.191,6.69,7.158,87517.0
628,002292,2012-04-25,7.057,7.194,6.88,7.073,59679.0
629,002292,2012-04-26,7.08,7.155,6.926,6.936,44766.0
630,002292,2012-04-27,6.972,7.329,6.962,7.165,86915.0
631,002292,2012-05-02,7.208,7.27,7.083,7.204,62255.0
632,002292,2012-05-03,7.188,7.224,7.109,7.155,39002.0
633,002292,2012-05-04,7.155,7.286,7.109,7.257,48272.0
634,002292,2012-05-07,7.204,7.339,7.129,7.312,49811.0
635,002292,2012-05-08,7.342,7.856,7.342,7.679,148999.0
636,002292,2012-05-09,7.607,7.61,7.437,7.447,71415.0
637,002292,2012-05-10,7.437,7.558,7.368,7.398,45769.0
638,002292,2012-05-14,7.581,7.843,7.499,7.515,102344.0
639,002292,2012-05-15,7.384,7.529,7.237,7.473,50654.0
640,002292,2012-05-16,7.44,7.44,7.145,7.145,46358.0
641,002292,2012-05-17,7.113,7.27,7.027,7.204,43630.0
642,002292,2012-05-18,7.145,7.198,7.024,7.034,34674.0
643,002292,2012-05-21,7.008,7.086,6.815,6.883,33094.0
644,002292,2012-05-22,6.916,7.057,6.916,6.988,24632.0
645,002292,2012-05-23,6.988,7.027,6.877,6.959,30558.0
646,002292,2012-05-24,6.942,7.005,6.906,6.972,29373.0
647,002292,2012-05-25,6.972,7.001,6.766,6.779,30988.0
648,002292,2012-05-28,6.779,6.785,6.5,6.749,36311.0
649,002292,2012-05-29,6.869,7.018,6.773,6.968,51650.0
650,002292,2012-05-30,6.978,7.057,6.945,6.978,34195.0
651,002292,2012-05-31,6.918,7.203,6.816,7.114,62937.0
652,002292,2012-06-01,7.104,7.143,6.978,6.991,36794.0
653,002292,2012-06-04,6.846,7.001,6.766,6.773,35517.0
654,002292,2012-06-05,6.776,6.925,6.703,6.839,30264.0
655,002292,2012-06-06,6.849,6.902,6.664,6.72,22463.0
656,002292,2012-06-07,6.806,6.839,6.598,6.598,26328.0
657,002292,2012-06-08,6.677,6.77,6.565,6.67,32655.0
658,002292,2012-06-11,6.651,6.842,6.644,6.783,29580.0
659,002292,2012-06-12,6.723,6.859,6.654,6.789,30595.0
660,002292,2012-06-13,6.813,6.942,6.763,6.905,42150.0
661,002292,2012-06-14,6.909,6.909,6.806,6.809,31288.0
662,002292,2012-06-15,6.859,6.915,6.707,6.793,24575.0
663,002292,2012-06-18,6.849,7.011,6.849,6.991,58877.0
664,002292,2012-06-19,6.978,7.309,6.945,7.176,108907.0
665,002292,2012-06-20,7.16,7.269,7.038,7.067,52804.0
666,002292,2012-06-21,7.038,7.441,7.014,7.309,94215.0
667,002292,2012-06-25,7.295,7.299,7.15,7.157,50666.0
668,002292,2012-06-26,7.114,7.12,6.717,6.889,54047.0
669,002292,2012-06-27,6.872,7.041,6.78,6.796,35169.0
670,002292,2012-06-28,6.78,6.866,6.68,6.68,32913.0
671,002292,2012-06-29,6.723,6.978,6.694,6.925,41242.0
672,002292,2012-07-02,6.998,7.166,6.925,7.084,41452.0
673,002292,2012-07-03,7.107,7.219,7.044,7.16,41800.0
674,002292,2012-07-04,7.13,7.18,7.011,7.047,29699.0
675,002292,2012-07-05,7.071,7.276,7.057,7.17,66747.0
676,002292,2012-07-06,7.322,7.805,7.209,7.606,136016.0
677,002292,2012-07-09,7.54,7.788,7.477,7.524,104648.0
678,002292,2012-07-10,7.467,7.742,7.467,7.629,73812.0
679,002292,2012-07-11,7.51,7.629,7.322,7.441,65390.0
680,002292,2012-07-12,7.424,7.702,7.305,7.646,79832.0
681,002292,2012-07-13,7.801,7.861,7.487,7.497,114330.0
682,002292,2012-07-16,7.428,7.441,7.051,7.107,67515.0
683,002292,2012-07-17,7.047,7.282,7.014,7.216,36511.0
684,002292,2012-07-18,7.385,7.421,7.17,7.368,41801.0
685,002292,2012-07-19,7.315,7.57,7.276,7.451,51077.0
686,002292,2012-07-20,7.438,7.464,7.246,7.259,29694.0
687,002292,2012-07-23,7.186,7.295,7.011,7.15,34286.0
688,002292,2012-07-24,7.143,7.279,7.061,7.176,27762.0
689,002292,2012-07-25,7.239,7.276,7.097,7.097,29800.0
690,002292,2012-07-26,7.094,7.17,7.014,7.077,32623.0
691,002292,2012-07-27,7.12,7.223,7.08,7.127,25239.0
692,002292,2012-07-30,7.143,7.2,6.717,6.763,36185.0
693,002292,2012-07-31,6.763,6.869,6.515,6.528,25190.0
694,002292,2012-08-01,6.657,7.16,6.548,6.885,33548.0
695,002292,2012-08-02,6.879,6.932,6.74,6.78,19439.0
696,002292,2012-08-03,6.75,7.041,6.71,6.958,27900.0
697,002292,2012-08-06,6.895,7.08,6.875,7.054,28277.0
698,002292,2012-08-07,7.097,7.236,7.061,7.084,33940.0
699,002292,2012-08-08,7.087,7.252,6.971,7.16,39163.0
700,002292,2012-08-09,7.147,7.342,7.14,7.239,33017.0
701,002292,2012-08-10,7.243,7.243,7.077,7.117,25757.0
702,002292,2012-08-13,7.114,7.114,6.875,6.885,21585.0
703,002292,2012-08-14,6.849,6.955,6.677,6.952,28339.0
704,002292,2012-08-15,6.905,7.11,6.866,7.038,34215.0
705,002292,2012-08-16,6.978,7.021,6.813,6.839,25749.0
706,002292,2012-08-17,6.823,6.902,6.72,6.856,15227.0
707,002292,2012-08-20,6.813,6.895,6.72,6.846,10179.0
708,002292,2012-08-21,6.912,7.11,6.862,7.028,29159.0
709,002292,2012-08-22,7.034,7.153,6.978,7.064,30456.0
710,002292,2012-08-23,7.064,7.097,6.965,7.041,16656.0
711,002292,2012-08-24,7.041,7.11,6.816,6.823,18151.0
712,002292,2012-08-27,6.819,6.823,6.631,6.654,19357.0
713,002292,2012-08-28,6.657,6.763,6.657,6.69,10151.0
714,002292,2012-08-29,6.69,6.717,6.545,6.604,18449.0
715,002292,2012-08-30,6.555,6.641,6.151,6.442,24615.0
716,002292,2012-08-31,6.416,6.482,6.32,6.409,11364.0
717,002292,2012-09-03,6.409,6.565,6.35,6.498,16100.0
718,002292,2012-09-04,6.482,6.532,6.356,6.373,13949.0
719,002292,2012-09-05,6.366,6.449,6.244,6.409,18345.0
720,002292,2012-09-06,6.356,6.356,5.959,6.075,71767.0
721,002292,2012-09-07,6.085,6.399,6.042,6.29,75676.0
722,002292,2012-09-10,6.264,6.528,6.188,6.472,50379.0
723,002292,2012-09-11,6.449,6.647,6.353,6.515,41303.0
724,002292,2012-09-12,6.575,6.67,6.541,6.67,51398.0
725,002292,2012-09-13,6.72,6.737,6.495,6.498,22125.0
726,002292,2012-09-14,6.608,6.667,6.492,6.548,19986.0
727,002292,2012-09-17,6.565,6.565,6.287,6.3,17355.0
728,002292,2012-09-18,6.28,6.333,6.151,6.211,10906.0
729,002292,2012-09-19,6.211,6.363,6.211,6.287,9057.0
730,002292,2012-09-20,6.313,6.317,6.085,6.131,11024.0
731,002292,2012-09-21,6.254,6.366,6.118,6.155,14404.0
732,002292,2012-09-24,5.989,6.313,5.979,6.237,14658.0
733,002292,2012-09-25,6.201,6.237,6.088,6.118,10278.0
734,002292,2012-09-26,6.151,6.184,5.992,6.012,9269.0
735,002292,2012-09-27,6.012,6.161,5.979,6.095,14095.0
736,002292,2012-09-28,6.098,6.211,6.072,6.194,12788.0
737,002292,2012-10-08,6.204,6.26,6.125,6.151,7810.0
738,002292,2012-10-12,6.766,6.766,6.373,6.489,61748.0
739,002292,2012-10-15,6.416,6.416,6.25,6.36,24527.0
740,002292,2012-10-16,6.383,6.68,6.36,6.594,43971.0
741,002292,2012-10-17,6.594,6.594,6.485,6.512,21477.0
742,002292,2012-10-18,6.512,6.594,6.482,6.535,19469.0
743,002292,2012-10-19,6.512,6.571,6.403,6.416,17457.0
744,002292,2012-10-22,6.353,6.432,6.297,6.426,24818.0
745,002292,2012-10-23,6.446,6.446,6.326,6.35,12350.0
746,002292,2012-10-24,6.343,6.343,6.24,6.244,13521.0
747,002292,2012-10-25,6.188,6.267,6.178,6.184,13042.0
748,002292,2012-10-26,6.184,6.224,6.045,6.161,15074.0
749,002292,2012-10-29,6.171,6.25,6.112,6.221,9352.0
750,002292,2012-10-30,6.227,6.323,6.217,6.26,11511.0
751,002292,2012-10-31,6.28,6.303,6.227,6.274,6698.0
752,002292,2012-11-01,6.27,6.363,6.27,6.336,16757.0
753,002292,2012-11-02,6.34,6.432,6.303,6.412,23566.0
754,002292,2012-11-05,6.389,6.436,6.244,6.25,21105.0
755,002292,2012-11-06,6.221,6.343,6.145,6.32,19559.0
756,002292,2012-11-07,6.317,6.34,6.217,6.31,16081.0
757,002292,2012-11-08,6.25,6.399,6.217,6.35,29800.0
758,002292,2012-11-09,6.287,6.35,6.221,6.221,16032.0
759,002292,2012-11-12,6.231,6.237,6.158,6.184,11690.0
760,002292,2012-11-13,6.207,6.211,6.085,6.095,11961.0
761,002292,2012-11-14,6.078,6.138,6.055,6.108,8065.0
762,002292,2012-11-15,6.055,6.135,5.979,5.989,9078.0
763,002292,2012-11-16,5.966,6.009,5.893,5.903,9895.0
764,002292,2012-11-19,5.87,5.936,5.708,5.87,17081.0
765,002292,2012-11-20,5.887,5.926,5.738,5.774,11609.0
766,002292,2012-11-21,5.758,5.827,5.685,5.807,10166.0
767,002292,2012-11-22,5.771,5.85,5.754,5.761,8696.0
768,002292,2012-11-23,5.794,5.807,5.728,5.781,7829.0
769,002292,2012-11-26,5.741,5.814,5.678,5.678,7305.0
770,002292,2012-11-27,5.665,5.678,5.374,5.374,12932.0
771,002292,2012-11-28,5.374,5.391,5.103,5.195,11894.0
772,002292,2012-11-29,5.146,5.258,5.053,5.053,8372.0
773,002292,2012-11-30,5.053,5.186,5.027,5.169,9737.0
774,002292,2012-12-03,5.162,5.179,5.057,5.08,10881.0
775,002292,2012-12-04,5.06,5.172,4.875,5.129,17461.0
776,002292,2012-12-05,5.126,5.338,5.126,5.324,21645.0
777,002292,2012-12-06,5.334,5.351,5.252,5.301,10361.0
778,002292,2012-12-07,5.245,5.43,5.245,5.384,19316.0
779,002292,2012-12-10,5.424,5.559,5.334,5.49,21688.0
780,002292,2012-12-11,5.45,5.457,5.374,5.43,16456.0
781,002292,2012-12-12,5.45,5.45,5.328,5.367,10548.0
782,002292,2012-12-13,5.377,5.394,5.278,5.291,16331.0
783,002292,2012-12-14,5.291,5.559,5.288,5.496,28807.0
784,002292,2012-12-17,5.5,5.579,5.434,5.546,22504.0
785,002292,2012-12-18,5.496,5.582,5.453,5.477,19374.0
786,002292,2012-12-19,5.49,5.741,5.49,5.566,29990.0
787,002292,2012-12-20,5.549,5.553,5.374,5.529,26846.0
788,002292,2012-12-21,5.539,5.619,5.473,5.559,21383.0
789,002292,2012-12-24,5.549,5.572,5.49,5.556,11699.0
790,002292,2012-12-25,5.536,5.781,5.526,5.698,31566.0
791,002292,2012-12-26,5.698,5.847,5.698,5.827,32295.0
792,002292,2012-12-27,5.837,5.887,5.698,5.847,23333.0
793,002292,2012-12-28,6.019,6.277,6.019,6.168,66744.0
794,002292,2012-12-31,6.135,6.333,6.102,6.247,40422.0
795,002292,2013-01-04,6.283,6.323,6.059,6.102,28380.0
796,002292,2013-01-07,6.095,6.713,6.052,6.68,79270.0
797,002292,2013-01-08,6.614,6.74,6.548,6.627,42213.0
798,002292,2013-01-09,6.614,6.624,6.498,6.565,24882.0
799,002292,2013-01-10,6.565,6.641,6.541,6.581,19691.0
800,002292,2013-01-11,6.604,6.604,6.326,6.33,28734.0
801,002292,2013-01-14,6.287,6.611,6.287,6.528,43885.0
802,002292,2013-01-15,6.548,6.859,6.548,6.68,43561.0
803,002292,2013-01-16,6.674,6.813,6.631,6.717,37489.0
804,002292,2013-01-17,6.746,6.746,6.584,6.664,25869.0
805,002292,2013-01-18,6.697,7.008,6.667,6.952,42320.0
806,002292,2013-01-21,6.912,7.342,6.879,7.279,62604.0
807,002292,2013-01-22,7.309,7.325,7.011,7.077,33405.0
808,002292,2013-01-23,7.209,7.772,7.209,7.319,42425.0
809,002292,2013-01-24,7.348,7.461,6.978,7.107,33233.0
810,002292,2013-01-25,7.107,7.358,7.014,7.173,21369.0
811,002292,2013-01-28,7.226,7.639,7.226,7.586,55265.0
812,002292,2013-01-29,7.639,7.758,7.467,7.636,44514.0
813,002292,2013-01-30,7.636,7.739,7.56,7.596,25119.0
814,002292,2013-01-31,7.606,7.689,7.348,7.646,33233.0
815,002292,2013-02-01,7.656,7.659,7.401,7.461,27531.0
816,002292,2013-02-04,7.557,7.563,6.713,7.044,96824.0
817,002292,2013-02-05,6.925,7.143,6.73,7.087,32818.0
818,002292,2013-02-06,7.107,7.216,7.011,7.018,23119.0
819,002292,2013-02-07,6.978,7.325,6.885,7.206,24158.0
820,002292,2013-02-08,7.143,7.457,7.061,7.415,35659.0
821,002292,2013-02-18,7.408,7.415,7.243,7.286,23478.0
822,002292,2013-02-19,7.292,7.372,6.998,7.1,19823.0
823,002292,2013-02-20,7.097,7.203,6.995,7.176,18384.0
824,002292,2013-02-21,7.117,7.15,6.922,7.051,24704.0
825,002292,2013-02-22,6.988,7.279,6.988,7.186,26837.0
826,002292,2013-02-25,7.183,7.223,7.064,7.137,15697.0
827,002292,2013-02-26,7.114,7.355,7.008,7.107,28211.0
828,002292,2013-02-27,7.057,7.186,7.028,7.104,12518.0
829,002292,2013-02-28,7.107,7.19,7.064,7.16,20613.0
830,002292,2013-03-01,7.236,7.441,7.233,7.358,43811.0
831,002292,2013-03-04,7.358,7.5,7.213,7.259,40957.0
832,002292,2013-03-05,7.276,7.606,7.243,7.577,49516.0
833,002292,2013-03-06,7.586,7.765,7.507,7.699,52642.0
834,002292,2013-03-07,7.699,7.732,7.418,7.527,34216.0
835,002292,2013-03-08,7.514,7.6,7.332,7.338,17389.0
836,002292,2013-03-11,7.342,7.375,7.196,7.276,13491.0
837,002292,2013-03-12,7.272,7.338,6.697,6.862,29373.0
838,002292,2013-03-13,6.829,6.829,6.492,6.608,27407.0
839,002292,2013-03-14,6.594,6.713,6.558,6.581,14539.0
840,002292,2013-03-15,6.584,6.75,6.522,6.604,18767.0
841,002292,2013-03-18,6.604,6.674,6.522,6.581,12376.0
842,002292,2013-03-19,6.651,6.763,6.412,6.561,19531.0
843,002292,2013-03-20,6.561,6.78,6.551,6.776,26157.0
844,002292,2013-03-21,6.816,6.895,6.776,6.866,24892.0
845,002292,2013-03-22,6.832,6.928,6.819,6.875,16104.0
846,002292,2013-03-25,6.875,6.938,6.68,6.743,17274.0
847,002292,2013-03-26,6.74,6.74,6.532,6.594,17274.0
848,002292,2013-03-27,6.548,6.78,6.485,6.753,31989.0
849,002292,2013-03-28,6.68,6.68,6.508,6.598,18728.0
850,002292,2013-03-29,6.608,6.674,6.35,6.419,22826.0
851,002292,2013-04-01,6.336,6.532,6.307,6.485,14945.0
852,002292,2013-04-02,6.485,6.535,6.217,6.317,21405.0
853,002292,2013-04-03,6.283,6.373,6.042,6.25,21138.0
854,002292,2013-04-08,6.118,6.254,5.956,6.234,10840.0
855,002292,2013-04-09,6.191,6.363,6.191,6.323,11617.0
856,002292,2013-04-10,6.326,6.36,6.267,6.283,11581.0
857,002292,2013-04-11,6.29,6.369,6.29,6.29,6459.0
858,002292,2013-04-12,6.317,6.33,6.174,6.287,9033.0
859,002292,2013-04-15,6.29,6.422,6.217,6.416,12485.0
860,002292,2013-04-16,6.376,6.515,6.343,6.479,23625.0
861,002292,2013-04-17,6.479,6.641,6.452,6.618,22115.0
862,002292,2013-04-18,6.617,7.239,6.558,6.935,81522.0
863,002292,2013-04-19,6.96,7.149,6.891,7.144,74972.0
864,002292,2013-04-22,7.124,7.477,7.005,7.442,89500.0
865,002292,2013-04-23,7.447,7.457,7.114,7.144,63809.0
866,002292,2013-04-24,7.119,7.86,7.109,7.795,236574.0
867,002292,2013-04-25,7.706,7.785,7.209,7.457,173760.0
868,002292,2013-04-26,7.363,7.631,7.219,7.403,67770.0
869,002292,2013-05-02,7.388,7.656,7.303,7.611,69217.0
870,002292,2013-05-03,7.636,8.074,7.607,7.905,108938.0
871,002292,2013-05-06,7.855,8.332,7.83,8.054,137341.0
872,002292,2013-05-07,7.994,8.283,7.959,8.104,62385.0
873,002292,2013-05-08,8.099,8.576,8.054,8.452,126787.0
874,002292,2013-05-09,8.352,8.675,8.303,8.462,106207.0
875,002292,2013-05-10,8.402,8.501,8.114,8.218,86943.0
876,002292,2013-05-13,8.153,8.437,8.079,8.337,58657.0
877,002292,2013-05-14,8.342,8.452,8.173,8.278,53920.0
878,002292,2013-05-15,8.253,8.825,8.253,8.72,104614.0
879,002292,2013-05-16,8.735,8.894,8.352,8.482,186160.0
880,002292,2013-05-17,8.357,8.616,8.084,8.477,141561.0
881,002292,2013-05-20,8.427,8.745,8.253,8.646,112534.0
882,002292,2013-05-21,8.591,9.511,8.506,9.511,179163.0
883,002292,2013-05-22,9.511,9.511,8.999,9.063,111241.0
884,002292,2013-05-23,9.073,9.247,9.008,9.018,64943.0
885,002292,2013-05-24,9.197,9.61,9.197,9.595,136358.0
886,002292,2013-05-27,9.545,9.759,9.431,9.744,100756.0
887,002292,2013-05-28,9.695,9.695,9.197,9.297,79506.0
888,002292,2013-05-29,9.322,9.471,9.153,9.391,64926.0
889,002292,2013-05-30,9.381,9.486,9.257,9.421,54117.0
890,002292,2013-05-31,9.471,9.521,8.949,8.989,93194.0
891,002292,2013-06-03,8.899,9.416,8.849,9.088,78909.0
892,002292,2013-06-04,9.098,9.168,8.377,8.69,95951.0
893,002292,2013-06-05,8.675,8.874,8.516,8.77,41325.0
894,002292,2013-06-06,8.79,8.874,8.571,8.79,40074.0
895,002292,2013-06-07,8.849,9.058,8.7,8.834,56540.0
896,002292,2013-06-13,8.775,8.815,8.248,8.581,48883.0
897,002292,2013-06-14,8.526,9.277,8.526,9.187,110750.0
898,002292,2013-06-17,9.247,9.729,9.178,9.461,166021.0
899,002292,2013-06-18,9.376,9.709,9.138,9.486,100823.0
900,002292,2013-06-19,9.347,9.685,9.247,9.595,79025.0
901,002292,2013-06-20,9.545,10.107,9.446,9.55,155938.0
902,002292,2013-06-21,9.148,9.675,8.904,9.347,92320.0
903,002292,2013-06-24,9.396,9.864,9.028,9.535,176531.0
904,002292,2013-06-25,9.297,10.301,8.581,10.197,219183.0
905,002292,2013-06-26,10.44,11.216,10.296,11.216,292733.0
906,002292,2013-06-27,10.937,12.121,10.838,11.514,335820.0
907,002292,2013-06-28,11.226,11.912,11.032,11.131,184246.0
908,002292,2013-07-01,10.967,11.917,10.739,11.807,172248.0
909,002292,2013-07-02,11.609,12.379,11.559,11.778,149904.0
910,002292,2013-07-03,11.628,12.404,11.345,12.046,154614.0
911,002292,2013-07-04,11.922,12.354,11.778,11.807,106671.0
912,002292,2013-07-05,11.807,12.155,11.092,11.106,104353.0
913,002292,2013-07-08,10.977,11.708,10.356,11.38,112860.0
914,002292,2013-07-09,11.211,11.663,11.102,11.484,71707.0
915,002292,2013-07-10,11.624,12.633,11.584,12.633,175903.0
916,002292,2013-07-11,12.429,13.065,12.195,12.767,152262.0
917,002292,2013-07-12,12.822,13.92,12.822,13.383,122623.0
918,002292,2013-07-15,13.672,14.129,13.18,13.92,105181.0
919,002292,2013-07-16,13.871,14.204,13.523,13.712,89290.0
920,002292,2013-07-17,13.597,14.144,13.548,14.04,106421.0
921,002292,2013-07-18,14.035,14.229,13.672,13.925,85521.0
922,002292,2013-07-19,13.697,14.592,13.697,13.796,98137.0
923,002292,2013-07-22,13.811,14.333,13.627,14.0,80333.0
924,002292,2013-10-23,15.402,15.402,15.402,15.402,1957.0
925,002292,2013-10-24,16.943,16.943,16.943,16.943,23031.0
926,002292,2013-10-25,18.638,18.638,15.312,16.416,298726.0
927,002292,2013-10-28,15.75,16.496,15.66,16.172,115153.0
928,002292,2013-10-29,16.212,17.152,15.203,16.993,157256.0
929,002292,2013-10-30,16.814,17.659,16.555,16.709,130605.0
930,002292,2013-10-31,16.371,16.371,15.039,15.039,131460.0
931,002292,2013-11-01,14.358,14.592,13.538,13.99,147219.0
932,002292,2013-11-04,13.756,14.547,13.612,13.97,73466.0
933,002292,2013-11-05,13.915,14.84,13.662,14.761,80745.0
934,002292,2013-11-06,14.671,15.148,13.866,14.089,85670.0
935,002292,2013-11-07,13.871,14.592,13.428,13.513,118046.0
936,002292,2013-11-08,13.523,13.523,12.767,13.026,102137.0
937,002292,2013-11-11,12.787,12.976,12.429,12.658,71744.0
938,002292,2013-11-12,12.777,13.523,12.777,13.523,103162.0
939,002292,2013-11-13,13.423,14.313,13.284,13.846,108199.0
940,002292,2013-11-14,13.667,14.482,13.319,14.219,82012.0
941,002292,2013-11-15,14.204,14.656,14.07,14.418,74162.0
942,002292,2013-11-18,15.407,15.66,14.661,15.163,118885.0
943,002292,2013-11-19,15.223,16.406,14.915,15.869,115725.0
944,002292,2013-11-20,15.611,15.909,15.297,15.675,69744.0
945,002292,2013-11-21,15.596,15.611,15.114,15.218,69847.0
946,002292,2013-11-22,15.198,15.417,14.527,14.895,68583.0
947,002292,2013-11-25,14.79,15.059,14.542,14.78,45475.0
948,002292,2013-11-26,14.761,14.855,14.129,14.219,63127.0
949,002292,2013-11-27,14.129,15.491,14.07,14.984,80641.0
950,002292,2013-11-28,14.945,15.327,14.82,15.064,64086.0
951,002292,2013-11-29,15.168,15.601,14.915,15.412,72171.0
952,002292,2013-12-02,13.925,15.004,13.871,13.871,95953.0
953,002292,2013-12-03,13.364,13.746,12.687,13.741,76048.0
954,002292,2013-12-04,13.672,14.318,13.453,14.025,70642.0
955,002292,2013-12-05,13.97,13.97,13.224,13.637,58961.0
956,002292,2013-12-06,13.473,13.632,13.085,13.523,72969.0
957,002292,2013-12-09,13.433,13.891,13.329,13.826,62654.0
958,002292,2013-12-10,13.92,14.611,13.866,14.333,85588.0
959,002292,2013-12-11,14.124,14.542,14.01,14.293,63999.0
960,002292,2013-12-12,14.313,15.158,14.119,14.989,136662.0
961,002292,2013-12-13,14.79,15.089,14.363,14.741,93663.0
962,002292,2013-12-16,14.89,16.003,14.89,15.904,199101.0
963,002292,2013-12-17,16.008,16.68,15.591,16.351,181466.0
964,002292,2013-12-18,15.909,16.302,14.915,15.76,132053.0
965,002292,2013-12-19,15.611,16.511,15.387,15.402,110657.0
966,002292,2013-12-20,15.437,15.894,15.074,15.596,96798.0
967,002292,2013-12-23,15.586,15.586,14.423,14.656,84430.0
968,002292,2013-12-24,14.467,15.347,14.358,14.964,73037.0
969,002292,2013-12-25,14.855,16.461,14.721,16.461,148660.0
970,002292,2013-12-26,16.471,17.47,16.257,16.665,196393.0
971,002292,2013-12-27,16.903,17.117,16.257,16.57,95181.0
972,002292,2013-12-30,16.65,16.829,15.735,15.984,96188.0
973,002292,2013-12-31,15.909,16.381,15.715,16.237,67313.0
974,002292,2014-01-02,16.262,17.46,16.058,17.4,132203.0
975,002292,2014-01-03,17.351,17.987,17.023,17.604,123909.0
976,002292,2014-01-06,17.44,17.967,16.928,17.366,86591.0
977,002292,2014-01-07,17.301,19.101,17.301,19.101,151563.0
978,002292,2014-01-08,18.892,20.075,18.743,19.538,147869.0
979,002292,2014-01-09,19.812,20.637,18.643,18.648,162172.0
980,002292,2014-01-10,18.658,19.737,18.643,18.942,88023.0
981,002292,2014-01-13,19.389,20.488,19.145,20.488,110852.0
982,002292,2014-01-14,20.254,20.756,19.667,20.448,112648.0
983,002292,2014-01-15,20.224,20.533,19.777,20.373,83204.0
984,002292,2014-01-16,20.16,20.284,19.19,19.21,95613.0
985,002292,2014-01-17,19.006,19.936,18.648,19.503,92482.0
986,002292,2014-01-20,19.016,19.379,18.251,18.738,91435.0
987,002292,2014-01-21,18.802,19.881,18.802,19.762,76504.0
988,002292,2014-01-22,19.643,20.075,19.031,19.812,81556.0
989,002292,2014-01-23,19.787,21.517,19.593,20.905,164728.0
990,002292,2014-01-24,20.632,20.632,20.035,20.17,109647.0
991,002292,2014-01-27,19.986,20.11,19.389,19.419,79391.0
992,002292,2014-01-28,19.489,19.707,18.643,19.041,76152.0
993,002292,2014-01-29,19.066,19.598,18.842,19.538,60107.0
994,002292,2014-01-30,19.439,20.224,19.22,19.712,74748.0
995,002292,2014-02-07,19.687,19.687,18.822,19.409,78841.0
996,002292,2014-02-10,19.364,20.08,18.937,19.876,91025.0
997,002292,2014-02-11,19.851,21.06,19.29,20.881,132977.0
998,002292,2014-02-12,20.383,20.582,19.886,20.11,73274.0
999,002292,2014-02-13,20.229,20.359,18.867,19.29,65897.0
1000,002292,2014-02-14,19.285,19.538,18.643,19.106,71586.0
1001,002292,2014-02-17,19.121,19.528,18.643,19.384,81868.0
1002,002292,2014-02-18,19.27,19.295,18.693,18.807,64916.0
1003,002292,2014-02-19,18.832,18.837,17.798,18.241,91941.0
1004,002292,2014-02-27,18.062,18.882,16.416,16.416,116152.0
1005,002292,2014-02-28,16.008,16.555,15.412,16.451,90044.0
1006,002292,2014-03-03,16.406,17.197,16.332,16.973,81639.0
1007,002292,2014-03-04,16.804,17.788,16.739,17.574,77046.0
1008,002292,2014-03-05,17.574,18.494,17.5,17.56,59210.0
1009,002292,2014-03-06,18.072,18.236,17.574,18.196,56865.0
1010,002292,2014-03-07,18.191,18.275,17.748,18.146,61278.0
1011,002292,2014-03-10,17.888,19.329,17.405,18.285,116866.0
1012,002292,2014-03-11,18.002,18.678,17.5,18.246,57453.0
1013,002292,2014-03-12,18.39,18.574,17.565,17.848,34526.0
1014,002292,2014-03-13,17.674,18.236,17.674,18.077,32358.0
1015,002292,2014-03-14,18.087,19.141,18.087,19.006,98921.0
1016,002292,2014-03-17,19.315,20.03,19.141,19.484,111721.0
1017,002292,2014-03-18,19.389,20.085,19.24,19.866,71938.0
1018,002292,2014-03-19,19.737,19.861,19.111,19.19,42085.0
1019,002292,2014-03-20,19.24,19.384,17.664,17.942,60464.0
1020,002292,2014-03-21,17.868,18.032,17.003,17.908,63247.0
1021,002292,2014-03-24,17.898,17.908,16.118,16.645,113919.0
1022,002292,2014-03-25,16.506,17.033,15.924,16.645,62904.0
1023,002292,2014-03-26,16.645,17.082,16.635,16.893,44536.0
1024,002292,2014-03-27,16.844,16.844,15.65,15.665,75459.0
1025,002292,2014-03-28,15.616,15.735,14.219,14.621,113002.0
1026,002292,2014-03-31,14.621,15.213,14.318,15.089,69556.0
1027,002292,2014-04-01,15.119,15.462,14.93,15.263,58946.0
1028,002292,2014-04-02,15.203,15.462,14.741,15.213,45125.0
1029,002292,2014-04-03,14.93,15.412,14.92,15.203,33163.0
1030,002292,2014-04-04,15.223,16.724,15.039,16.724,130454.0
1031,002292,2014-04-08,16.704,17.052,16.481,16.709,106054.0
1032,002292,2014-04-09,16.893,16.998,16.506,16.655,68918.0
1033,002292,2014-04-10,16.754,17.276,16.65,16.799,95826.0
1034,002292,2014-04-11,16.501,16.63,15.949,16.53,49540.0
1035,002292,2014-04-14,16.6,16.873,16.038,16.207,63660.0
1036,002292,2014-04-15,16.207,16.317,16.013,16.048,41498.0
1037,002292,2014-04-16,16.058,16.555,15.75,16.282,45782.0
1038,002292,2014-04-17,16.376,16.391,15.834,16.073,47008.0
1039,002292,2014-04-18,16.058,16.207,15.81,15.974,27103.0
1040,002292,2014-04-21,15.884,15.884,15.203,15.223,52274.0
1041,002292,2014-04-22,15.064,15.332,14.567,14.82,58405.0
1042,002292,2014-04-23,14.964,15.561,14.964,15.114,49265.0
1043,002292,2014-04-24,14.974,15.491,14.616,15.297,45967.0
1044,002292,2014-04-25,15.163,15.163,14.766,14.83,31513.0
1045,002292,2014-04-28,14.83,14.83,14.229,14.527,41226.0
1046,002292,2014-04-29,14.592,14.865,14.418,14.567,23448.0
1047,002292,2014-04-30,14.597,15.089,14.542,14.959,25480.0
1048,002292,2014-05-05,14.915,15.561,14.815,15.491,49541.0
1049,002292,2014-05-06,15.486,15.77,15.412,15.486,43239.0
1050,002292,2014-05-07,15.367,15.372,14.641,14.681,38379.0
1051,002292,2014-05-08,14.676,15.009,14.333,14.711,33643.0
1052,002292,2014-05-09,14.696,15.004,14.472,14.582,23739.0
1053,002292,2014-05-12,14.641,15.119,14.547,15.024,26310.0
1054,002292,2014-05-13,15.039,15.278,14.794,15.024,26981.0
1055,002292,2014-05-14,14.904,15.238,14.904,15.079,13247.0
1056,002292,2014-05-15,15.079,15.453,14.665,14.789,33899.0
1057,002292,2014-05-16,14.785,14.785,14.116,14.306,50429.0
1058,002292,2014-05-19,14.266,14.515,13.981,14.256,33117.0
1059,002292,2014-05-20,14.321,14.645,14.266,14.37,29968.0
1060,002292,2014-05-21,14.231,14.475,14.116,14.425,24095.0
1061,002292,2014-05-22,14.415,14.834,14.395,14.465,39190.0
1062,002292,2014-05-23,14.52,14.789,14.241,14.789,42009.0
1063,002292,2014-05-26,14.919,15.737,14.864,15.627,98800.0
1064,002292,2014-05-27,15.478,15.747,15.353,15.428,48442.0
1065,002292,2014-05-28,15.328,15.737,15.313,15.637,49427.0
1066,002292,2014-05-29,15.617,15.837,15.413,15.413,33333.0
1067,002292,2014-05-30,15.408,15.787,15.089,15.722,43526.0
1068,002292,2014-06-03,15.588,16.436,15.588,16.181,65487.0
1069,002292,2014-06-04,16.141,16.396,15.867,16.236,37152.0
1070,002292,2014-06-05,16.191,17.398,16.126,17.209,104151.0
1071,002292,2014-06-06,17.054,17.653,16.71,17.009,55977.0
1072,002292,2014-06-09,17.019,17.144,16.436,16.52,39506.0
1073,002292,2014-06-10,16.52,17.298,16.411,17.139,49229.0
1074,002292,2014-06-11,17.064,17.548,16.919,17.219,40894.0
1075,002292,2014-06-12,17.109,17.378,16.835,16.84,36514.0
1076,002292,2014-06-13,16.77,17.174,16.465,17.059,46766.0
1077,002292,2014-06-16,16.989,17.194,16.835,17.169,37863.0
1078,002292,2014-06-17,17.159,17.159,16.71,17.004,32248.0
1079,002292,2014-06-18,16.86,17.149,16.436,16.515,36022.0
1080,002292,2014-06-19,16.515,16.6,15.737,16.161,37662.0
1081,002292,2014-06-20,16.161,16.56,15.942,16.446,26263.0
1082,002292,2014-06-23,16.411,17.249,16.386,17.084,38064.0
1083,002292,2014-06-24,16.964,18.286,16.964,18.032,79031.0
1084,002292,2014-06-25,17.987,18.206,17.673,18.057,57896.0
1085,002292,2014-06-26,18.211,18.291,17.857,18.107,43289.0
1086,002292,2014-06-27,17.967,18.241,17.673,17.992,36536.0
1087,002292,2014-06-30,18.007,18.391,17.558,18.306,45461.0
1088,002292,2014-07-01,18.206,18.645,18.206,18.456,31646.0
1089,002292,2014-07-02,18.456,18.969,18.396,18.56,50266.0
1090,002292,2014-07-03,18.535,18.615,18.107,18.311,36101.0
1091,002292,2014-07-04,18.301,18.301,17.957,18.017,18827.0
1092,002292,2014-07-07,17.907,18.675,17.757,18.146,39588.0
1093,002292,2014-07-08,18.102,18.441,17.762,18.381,27203.0
1094,002292,2014-07-09,18.306,18.306,17.259,17.712,38691.0
1095,002292,2014-07-10,17.493,17.697,16.825,16.884,39303.0
1096,002292,2014-07-11,16.81,17.209,15.962,16.56,60691.0
1097,002292,2014-07-14,16.446,16.71,16.311,16.57,52873.0
1098,002292,2014-07-15,17.159,17.259,16.76,16.86,62967.0
1099,002292,2014-07-16,16.865,16.934,15.962,16.55,65704.0
1100,002292,2014-07-17,16.465,16.515,16.216,16.46,27326.0
1101,002292,2014-07-18,16.441,16.69,16.321,16.46,22280.0
1102,002292,2014-07-21,16.46,16.69,16.306,16.645,22260.0
1103,002292,2014-07-22,16.705,16.884,16.61,16.73,26795.0
1104,002292,2014-07-23,16.735,16.81,16.061,16.166,40046.0
1105,002292,2014-07-24,16.061,16.361,15.213,15.702,64036.0
1106,002292,2014-07-25,15.563,16.051,15.478,15.802,31694.0
1107,002292,2014-07-28,15.832,16.401,15.822,16.346,44446.0
1108,002292,2014-07-29,16.351,16.56,16.151,16.55,32947.0
1109,002292,2014-07-30,16.57,16.7,16.416,16.525,19934.0
1110,002292,2014-07-31,16.6,16.845,16.376,16.66,49050.0
1111,002292,2014-08-01,16.46,16.655,15.987,16.091,49814.0
1112,002292,2014-08-04,16.091,16.301,15.902,16.101,26423.0
1113,002292,2014-08-05,16.101,16.715,15.927,16.585,57553.0
1114,002292,2014-08-06,16.51,16.889,16.441,16.835,58004.0
1115,002292,2014-08-07,16.755,17.249,16.73,16.74,47928.0
1116,002292,2014-08-08,16.615,16.934,16.615,16.855,31756.0
1117,002292,2014-08-11,16.86,17.508,16.86,17.353,65243.0
1118,002292,2014-08-12,17.209,17.343,16.884,17.298,36697.0
1119,002292,2014-08-13,17.159,17.288,16.705,16.929,31972.0
1120,002292,2014-08-14,16.795,17.019,16.585,16.61,30720.0
1121,002292,2014-08-15,16.61,16.889,16.605,16.889,25337.0
1122,002292,2014-08-18,16.86,17.453,16.86,17.438,66075.0
1123,002292,2014-08-19,17.558,18.306,17.348,17.428,78203.0
1124,002292,2014-08-20,17.408,17.518,17.134,17.209,30669.0
1125,002292,2014-08-21,17.209,18.032,17.149,18.017,60169.0
1126,002292,2014-08-22,18.047,18.281,17.732,17.917,71708.0
1127,002292,2014-08-25,17.917,18.161,17.707,17.757,38291.0
1128,002292,2014-08-26,17.747,17.757,16.964,17.054,44659.0
1129,002292,2014-08-27,17.054,17.303,17.054,17.064,28024.0
1130,002292,2014-08-28,17.089,17.254,17.074,17.169,28999.0
1131,002292,2014-08-29,17.209,17.254,16.64,17.254,28262.0
1132,002292,2014-09-01,17.259,17.508,17.184,17.458,50977.0
1133,002292,2014-09-02,17.503,17.747,17.358,17.588,50198.0
1134,002292,2014-09-03,17.658,18.141,17.458,17.947,74263.0
1135,002292,2014-09-04,17.857,18.107,17.638,18.057,63413.0
1136,002292,2014-09-05,18.032,18.102,17.598,17.937,51483.0
1137,002292,2014-09-09,17.887,17.952,17.608,17.812,32153.0
1138,002292,2014-09-10,17.812,18.057,17.608,18.007,38726.0
1139,002292,2014-09-11,17.932,18.346,17.558,17.702,79120.0
1140,002292,2014-09-12,17.568,17.752,17.298,17.712,51682.0
1141,002292,2014-09-15,17.643,17.732,17.348,17.553,64622.0
1142,002292,2014-09-16,17.553,17.697,17.059,17.059,57328.0
1143,002292,2014-09-17,17.059,17.209,16.605,16.815,60563.0
1144,002292,2014-09-18,16.83,17.044,16.61,16.924,27605.0
1145,002292,2014-09-19,16.909,17.368,16.909,17.368,33943.0
1146,002292,2014-09-22,17.323,17.323,16.66,16.74,54979.0
1147,002292,2014-09-23,16.785,17.239,16.76,17.059,40427.0
1148,002292,2014-09-24,16.984,17.373,16.86,17.219,30308.0
1149,002292,2014-09-25,17.358,17.393,17.074,17.139,30554.0
1150,002292,2014-09-26,17.154,17.199,16.914,17.109,21274.0
1151,002292,2014-09-29,17.129,17.348,17.069,17.264,36037.0
1152,002292,2014-09-30,17.259,17.702,17.214,17.563,46887.0
1153,002292,2014-10-08,17.593,17.707,17.508,17.618,35331.0
1154,002292,2014-10-09,17.802,18.072,17.683,17.907,75609.0
1155,002292,2014-10-10,17.832,17.967,17.722,17.827,34151.0
1156,002292,2014-10-13,17.862,18.057,17.468,17.857,46997.0
1157,002292,2014-10-14,17.947,17.957,17.568,17.812,28741.0
1158,002292,2014-10-15,17.757,17.897,17.593,17.668,22420.0
1159,002292,2014-10-16,17.583,17.857,17.363,17.368,29679.0
1160,002292,2014-10-17,17.214,17.458,17.214,17.283,26182.0
1161,002292,2014-10-20,17.388,17.483,17.219,17.368,27347.0
1162,002292,2014-10-21,17.338,17.573,17.323,17.358,22249.0
1163,002292,2014-10-22,17.283,17.453,16.8,16.835,31193.0
1164,002292,2014-10-23,16.949,17.174,16.81,16.919,20982.0
1165,002292,2014-10-24,16.835,17.144,16.83,17.109,16342.0
1166,002292,2014-10-27,17.109,17.109,16.7,16.969,17728.0
1167,002292,2014-10-28,16.989,17.269,16.989,17.264,37481.0
1168,002292,2014-10-29,17.259,17.493,17.119,17.473,38949.0
1169,002292,2014-10-30,17.593,17.762,17.184,17.204,46751.0
1170,002292,2014-10-31,17.114,17.468,16.835,17.443,38702.0
1171,002292,2014-11-03,17.368,17.598,17.224,17.298,35663.0
1172,002292,2014-11-04,17.298,17.338,16.869,16.914,47770.0
1173,002292,2014-11-05,16.889,17.054,16.725,16.765,31168.0
1174,002292,2014-11-06,16.765,16.919,16.7,16.865,32563.0
1175,002292,2014-11-07,16.874,16.909,16.386,16.535,51254.0
1176,002292,2014-11-10,16.465,16.51,15.967,15.977,60832.0
1177,002292,2014-11-11,16.002,16.081,14.869,14.964,106153.0
1178,002292,2014-11-12,15.029,15.248,14.969,15.218,32691.0
1179,002292,2014-11-13,15.213,15.213,14.361,14.37,73449.0
1180,002292,2014-11-14,14.425,14.959,14.425,14.904,60850.0
1181,002292,2014-11-17,14.954,15.263,14.505,15.059,45904.0
1182,002292,2014-11-18,15.004,15.263,14.894,15.248,34918.0
1183,002292,2014-11-19,15.333,15.707,15.278,15.348,40419.0
1184,002292,2014-11-20,15.263,15.378,14.894,14.984,37836.0
1185,002292,2014-11-21,15.114,15.428,15.014,15.358,34837.0
1186,002292,2014-11-24,15.468,15.533,15.054,15.333,42823.0
1187,002292,2014-11-25,15.333,15.513,15.159,15.438,39258.0
1188,002292,2014-11-26,15.498,15.548,15.114,15.213,46122.0
1189,002292,2014-11-27,15.313,15.363,15.069,15.114,43504.0
1190,002292,2014-11-28,15.109,15.263,14.824,14.899,59950.0
1191,002292,2014-12-01,14.899,15.024,14.675,15.014,44231.0
1192,002292,2014-12-02,15.039,15.298,15.039,15.189,53807.0
1193,002292,2014-12-03,15.164,15.797,14.899,15.513,104921.0
1194,002292,2014-12-04,15.902,16.65,15.862,16.366,156848.0
1195,002292,2014-12-05,16.411,16.61,15.503,16.022,110706.0
1196,002292,2014-12-08,15.912,16.535,15.603,15.997,86824.0
1197,002292,2014-12-09,15.717,16.401,15.463,15.523,113396.0
1198,002292,2014-12-10,15.533,16.505,15.533,16.381,112924.0
1199,002292,2014-12-11,16.46,16.51,15.962,16.161,70323.0
1200,002292,2014-12-12,16.196,16.455,16.071,16.336,53429.0
1201,002292,2014-12-15,16.341,16.78,16.276,16.6,86719.0
1202,002292,2014-12-16,16.555,16.595,16.256,16.401,48684.0
1203,002292,2014-12-17,16.311,16.381,15.902,16.012,47093.0
1204,002292,2014-12-18,15.962,16.281,15.907,16.002,33344.0
1205,002292,2014-12-19,15.962,15.962,15.343,15.588,43449.0
1206,002292,2014-12-22,15.463,15.463,14.864,15.044,47977.0
1207,002292,2014-12-23,15.039,15.443,14.899,14.934,30996.0
1208,002292,2014-12-24,15.059,15.109,14.64,14.824,54659.0
1209,002292,2014-12-25,14.914,15.054,14.814,14.979,42738.0
1210,002292,2014-12-26,15.343,15.687,15.074,15.208,70687.0
1211,002292,2014-12-29,15.213,15.463,15.004,15.189,43990.0
1212,002292,2014-12-30,15.189,15.223,14.58,14.695,48237.0
1213,002292,2014-12-31,14.705,14.829,14.206,14.715,101896.0
1214,002292,2015-01-05,14.66,14.964,14.261,14.789,62045.0
1215,002292,2015-01-06,14.71,15.483,14.59,15.278,82867.0
1216,002292,2015-01-07,15.363,15.603,15.184,15.253,68371.0
1217,002292,2015-01-08,15.463,15.563,15.203,15.363,62067.0
1218,002292,2015-01-09,15.363,15.872,15.293,15.373,70243.0
1219,002292,2015-01-12,15.288,15.702,14.974,15.637,62873.0
1220,002292,2015-01-13,15.637,16.56,15.533,16.266,112174.0
1221,002292,2015-01-14,16.276,16.605,15.947,16.086,65346.0
1222,002292,2015-01-15,16.012,16.431,15.892,16.236,45320.0
1223,002292,2015-01-16,16.236,16.625,15.957,16.396,67693.0
1224,002292,2015-01-19,16.211,18.037,15.977,17.054,159343.0
1225,002292,2015-01-20,17.199,17.762,16.959,17.633,112051.0
1226,002292,2015-01-21,18.954,19.204,18.077,18.276,191983.0
1227,002292,2015-01-22,18.156,18.7,17.857,18.002,121330.0
1228,002292,2015-01-23,18.007,18.545,17.757,18.037,99127.0
1229,002292,2015-01-26,18.097,18.381,17.932,18.316,77252.0
1230,002292,2015-01-27,18.301,18.321,17.458,17.717,107918.0
1231,002292,2015-01-28,17.563,17.967,17.458,17.613,75697.0
1232,002292,2015-01-29,17.463,17.468,17.024,17.059,71812.0
1233,002292,2015-01-30,17.154,17.239,16.954,17.139,41355.0
1234,002292,2015-02-02,16.949,17.149,16.805,17.134,64614.0
1235,002292,2015-02-03,17.149,17.633,17.129,17.428,70734.0
1236,002292,2015-02-04,17.129,17.608,17.049,17.563,71521.0
1237,002292,2015-02-05,17.513,18.236,17.348,17.732,102497.0
1238,002292,2015-02-06,17.732,17.857,17.209,17.588,56388.0
1239,002292,2015-02-09,17.583,17.603,16.585,16.71,74769.0
1240,002292,2015-02-10,16.959,16.959,16.61,16.855,40846.0
1241,002292,2015-02-11,16.815,17.114,16.775,16.969,52854.0
1242,002292,2015-02-12,16.924,17.358,16.85,17.353,75736.0
1243,002292,2015-02-13,17.373,17.717,17.368,17.633,76234.0
1244,002292,2015-02-16,17.982,18.555,17.583,18.326,144266.0
1245,002292,2015-02-17,18.062,18.456,17.712,17.812,91591.0
1246,002292,2015-02-25,17.907,18.949,17.757,18.401,148515.0
1247,002292,2015-02-26,18.456,18.7,17.957,18.156,90367.0
1248,002292,2015-02-27,18.141,18.78,17.942,18.361,107260.0
1249,002292,2015-03-02,18.256,18.68,18.062,18.65,96228.0
1250,002292,2015-03-03,18.476,18.954,18.156,18.231,111310.0
1251,002292,2015-03-04,18.226,19.378,18.121,19.199,151689.0
1252,002292,2015-03-05,19.199,19.528,18.865,19.104,82789.0
1253,002292,2015-03-06,19.099,19.378,18.456,18.705,75075.0
1254,002292,2015-03-09,18.426,19.054,18.181,18.92,59121.0
1255,002292,2015-03-10,18.93,19.947,18.66,19.408,104316.0
1256,002292,2015-03-11,19.224,21.349,19.224,21.349,157178.0
1257,002292,2015-03-12,21.513,22.695,20.506,21.748,183250.0
1258,002292,2015-03-13,21.199,23.484,21.0,22.396,167939.0
1259,002292,2015-03-16,22.491,22.94,22.032,22.87,149183.0
1260,002292,2015-03-17,22.646,22.695,21.907,22.162,129319.0
1261,002292,2015-03-18,21.972,22.396,21.548,22.247,97865.0
1262,002292,2015-03-19,22.122,22.222,21.623,22.097,90301.0
1263,002292,2015-03-20,21.952,22.521,21.748,21.927,85505.0
1264,002292,2015-03-23,21.942,22.92,21.862,22.92,170925.0
1265,002292,2015-03-24,22.935,22.985,21.349,22.686,178455.0
1266,002292,2015-03-25,22.606,23.189,22.147,22.556,119961.0
1267,002292,2015-03-26,22.341,22.446,21.224,21.244,113049.0
1268,002292,2015-03-27,21.149,22.202,21.0,22.137,104213.96
1269,002292,2015-03-30,22.132,22.197,21.329,21.668,103469.0
1270,002292,2015-03-31,21.848,22.386,21.623,21.937,100467.0
1271,002292,2015-04-01,22.032,22.885,21.853,22.631,103517.0
1272,002292,2015-04-02,22.795,23.494,22.446,23.434,135221.0
1273,002292,2015-04-03,23.598,24.157,23.055,23.633,131850.0
1274,002292,2015-04-07,23.444,24.132,23.264,23.519,109351.0
1275,002292,2015-04-08,23.543,23.743,21.897,22.262,113178.0
1276,002292,2015-04-09,22.197,22.197,21.074,21.773,99919.0
1277,002292,2015-04-10,21.693,22.536,21.478,22.436,74425.0
1278,002292,2015-04-13,22.396,22.541,21.892,22.212,85469.0
1279,002292,2015-04-14,22.047,22.695,21.663,22.102,100305.0
1280,002292,2015-04-15,21.922,22.127,20.73,20.75,94799.0
1281,002292,2015-04-16,20.695,21.244,20.291,20.865,60668.0
1282,002292,2015-04-17,20.95,21.548,20.925,21.204,59799.0
1283,002292,2015-04-20,21.189,21.434,20.451,20.75,56864.0
1284,002292,2015-04-21,20.85,22.411,20.8,22.137,107010.0
1285,002292,2015-04-22,22.237,22.546,22.052,22.331,84436.0
1286,002292,2015-04-23,22.486,24.566,22.247,24.566,237531.0
1287,002292,2015-04-24,24.511,25.564,24.122,24.541,187851.0
1288,002292,2015-04-27,24.541,25.743,24.197,24.94,150437.0
1289,002292,2015-04-28,24.93,25.189,23.693,24.192,103432.0
1290,002292,2015-04-29,24.955,26.611,24.741,26.611,121608.0
1291,002292,2015-04-30,28.102,29.275,28.102,29.275,94734.0
1292,002292,2015-05-04,30.227,30.357,27.434,28.382,143935.0
1293,002292,2015-05-05,29.08,29.479,26.95,28.531,115275.0
1294,002292,2015-05-06,28.297,31.375,28.282,30.153,147701.0
1295,002292,2015-05-07,29.379,32.537,29.18,30.966,125791.0
1296,002292,2015-05-08,30.527,32.841,30.527,32.173,108329.0
1297,002292,2015-05-11,32.372,35.26,31.454,34.173,119300.0
1298,002292,2015-05-12,34.637,37.59,34.068,37.59,125160.0
1299,002292,2015-05-13,37.764,41.151,36.592,39.131,133139.0
1300,002292,2015-05-14,39.001,40.702,36.662,37.66,121529.0
1301,002292,2015-05-15,36.976,38.413,34.921,37.799,100325.0
1302,002292,2015-08-28,34.022,34.022,34.022,34.022,8317.0
1303,002292,2015-08-31,30.617,30.617,30.617,30.617,10726.0
1304,002292,2015-09-01,27.551,27.551,27.551,27.551,3725.0
1305,002292,2015-09-02,24.795,24.795,24.795,24.795,642178.0
1306,002292,2015-09-07,24.815,26.263,22.329,22.329,653466.0
1307,002292,2015-09-08,21.52,24.436,20.881,23.617,430096.0
1308,002292,2015-09-09,23.547,25.564,22.978,24.965,418682.0
1309,002292,2015-09-10,24.665,26.623,24.126,24.486,315018.0
1310,002292,2015-09-11,24.166,26.503,24.136,26.463,297068.0
1311,002292,2015-09-14,27.292,27.541,23.817,23.817,342448.0
1312,002292,2015-09-15,22.079,23.617,21.44,21.44,245248.0
1313,002292,2015-09-16,21.67,23.587,21.67,23.587,237566.0
1314,002292,2015-09-17,23.587,24.965,22.968,22.968,276043.0
1315,002292,2015-09-18,23.467,24.566,22.968,24.286,219804.0
1316,002292,2015-09-21,23.966,26.463,23.467,26.213,285356.0
1317,002292,2015-09-22,26.243,27.272,25.065,26.253,230181.0
1318,002292,2015-09-23,25.165,27.062,25.165,25.914,178042.0
1319,002292,2015-09-24,26.233,28.42,25.874,28.151,209335.0
1320,002292,2015-09-25,27.861,28.46,25.744,26.763,236178.0
1321,002292,2015-09-28,26.842,29.329,25.964,29.059,185907.0
1322,002292,2015-09-29,28.24,31.436,27.911,29.579,269543.0
1323,002292,2015-09-30,29.838,30.148,27.701,29.219,166754.0
1324,002292,2015-10-08,29.958,31.256,29.948,30.048,189469.0
1325,002292,2015-10-09,29.858,29.858,28.76,29.529,171947.0
1326,002292,2015-10-12,29.609,30.907,28.939,29.069,393889.0
1327,002292,2015-10-13,28.57,30.647,28.43,30.447,332516.0
1328,002292,2015-10-14,29.838,30.248,28.76,29.089,206835.0
1329,002292,2015-10-15,28.57,29.688,28.57,29.668,178412.0
1330,002292,2015-10-16,29.958,32.405,29.958,31.845,320041.0
1331,002292,2015-10-19,31.955,32.754,31.037,32.245,320517.0
1332,002292,2015-10-20,32.255,32.255,31.256,31.855,210578.0
1333,002292,2015-10-21,32.664,32.874,28.969,29.469,237259.0
1334,002292,2015-10-22,29.549,31.756,29.549,30.937,210198.0
1335,002292,2015-10-23,31.556,34.032,30.557,34.032,339849.0
1336,002292,2015-10-26,33.952,33.952,32.335,33.094,310900.0
1337,002292,2015-10-27,32.554,32.894,30.577,32.115,217456.0
1338,002292,2015-10-28,32.145,32.954,30.607,30.707,184868.0
1339,002292,2015-10-29,31.406,31.456,30.018,31.106,137996.0
1340,002292,2015-10-30,32.754,34.222,31.776,33.553,503465.0
1341,002292,2015-11-02,30.957,31.776,30.198,30.198,450792.0
1342,002292,2015-11-03,29.838,30.198,28.68,28.979,292850.0
1343,002292,2015-11-04,29.259,30.677,29.059,30.597,238094.0
1344,002292,2015-11-05,30.457,31.156,29.259,29.878,279389.0
1345,002292,2015-11-06,29.848,30.767,29.738,30.647,265236.0
1346,002292,2015-11-09,29.968,31.825,29.459,31.386,362496.0
1347,002292,2015-11-10,31.057,32.894,30.757,31.955,337651.0
1348,002292,2015-11-11,31.945,34.432,31.506,33.323,373515.0
1349,002292,2015-11-12,33.303,33.443,32.075,32.435,246729.0
1350,002292,2015-11-13,31.855,32.055,29.968,30.607,220157.0
1351,002292,2015-11-16,29.948,33.673,29.738,33.673,331086.0
1352,002292,2015-11-17,34.532,37.038,33.533,34.831,530756.0
1353,002292,2015-11-18,34.831,35.251,33.253,33.453,240127.0
1354,002292,2015-11-19,33.803,36.749,33.553,35.65,359109.0
1355,002292,2015-11-20,36.908,37.707,35.95,36.828,382835.0
1356,002292,2015-11-23,36.449,40.324,36.149,38.296,358170.0
1357,002292,2015-11-24,37.957,39.824,36.948,39.095,280258.0
1358,002292,2015-11-25,39.025,39.605,37.947,38.876,224476.0
1359,002292,2015-11-26,38.886,39.844,37.887,38.187,187006.0
1360,002292,2015-11-27,37.418,37.857,34.372,35.101,223802.0
1361,002292,2015-11-30,35.181,35.93,32.315,34.452,216602.0
1362,002292,2015-12-01,34.052,35.45,32.455,34.142,183362.0
1363,002292,2015-12-02,33.803,34.392,31.955,33.303,134436.0
1364,002292,2015-12-03,33.833,35.56,33.553,35.55,176907.0
1365,002292,2015-12-04,35.251,38.077,34.961,36.759,263886.0
1366,002292,2015-12-07,37.028,40.433,37.028,40.433,280772.0
1367,002292,2015-12-08,42.441,44.478,41.442,43.309,573838.0
1368,002292,2015-12-09,43.379,47.643,42.061,47.643,484848.0
1369,002292,2015-12-10,45.936,46.914,44.428,45.496,353885.0
1370,002292,2015-12-11,44.458,46.535,42.84,43.409,212066.0
1371,002292,2015-12-14,42.57,45.436,42.421,44.957,219123.0
1372,002292,2015-12-15,44.737,47.414,44.238,45.936,259159.0
1373,002292,2015-12-16,45.626,47.314,44.617,45.936,204986.0
1374,002292,2015-12-17,46.365,50.529,45.996,50.529,250672.0
1375,002292,2015-12-18,52.127,52.916,49.91,50.529,286250.0
1376,002292,2015-12-21,50.519,51.628,48.632,49.83,224772.0
1377,002292,2015-12-22,49.87,54.813,48.901,53.745,299022.0
1378,002292,2015-12-23,53.076,54.104,50.04,50.929,224594.0
1379,002292,2015-12-31,53.245,54.853,51.608,51.638,345404.0
1380,002292,2016-01-04,51.038,51.608,46.475,46.475,177169.0
1381,002292,2016-01-05,41.831,44.438,41.831,41.831,405288.0
1382,002292,2016-01-06,41.532,43.938,39.654,43.429,365589.0
1383,002292,2016-01-07,41.672,41.682,39.085,39.085,59412.0
1384,002292,2016-01-08,37.947,39.934,35.331,36.968,291327.0
1385,002292,2016-01-11,35.54,35.54,33.273,33.273,312081.0
1386,002292,2016-01-12,33.253,34.751,32.155,34.032,343046.0
1387,002292,2016-01-13,34.452,34.661,31.116,31.216,288379.0
1388,002292,2016-01-14,29.359,34.252,28.959,33.703,326736.0
1389,002292,2016-01-15,33.144,34.931,32.455,32.854,288927.0
1390,002292,2016-01-18,31.955,34.512,31.556,33.653,339194.0
1391,002292,2016-01-19,33.074,35.331,33.054,35.031,356961.0
1392,002292,2016-01-20,35.75,36.649,34.472,35.131,414971.0
1393,002292,2016-01-21,34.062,35.51,31.756,32.085,294901.0
1394,002292,2016-01-22,32.854,33.413,31.116,32.834,258875.0
1395,002292,2016-01-25,33.303,36.119,33.034,36.119,347792.0
1396,002292,2016-01-26,36.948,36.948,33.253,33.653,561327.0
1397,002292,2016-01-27,33.663,34.042,30.288,32.834,466740.0
1398,002292,2016-01-28,31.756,32.195,29.549,29.549,294772.0
1399,002292,2016-01-29,29.389,31.556,28.999,30.757,284258.0
1400,002292,2016-02-01,30.707,31.925,29.928,31.076,241432.0
1401,002292,2016-02-02,30.817,34.072,30.617,33.004,316886.0
1402,002292,2016-02-03,32.115,33.703,31.686,33.054,251144.0
1403,002292,2016-02-04,33.154,35.55,33.154,34.122,293459.0
1404,002292,2016-02-05,32.345,32.814,30.977,31.166,443660.0
1405,002292,2016-02-15,29.948,31.286,29.159,30.737,222371.0
1406,002292,2016-02-16,31.805,33.813,31.805,33.813,361991.0
1407,002292,2016-02-17,34.552,37.048,33.253,36.0,740063.0
1408,002292,2016-02-18,35.55,35.95,34.651,34.731,539767.0
1409,002292,2016-02-19,35.021,36.499,34.741,36.05,672047.0
1410,002292,2016-02-22,37.947,39.654,37.248,39.654,875350.0
1411,002292,2016-02-23,38.866,42.53,38.646,41.941,920580.0
1412,002292,2016-02-24,40.943,41.752,38.796,40.164,692186.0
1413,002292,2016-02-25,39.944,40.673,36.659,37.947,729395.0
1414,002292,2016-02-26,38.446,39.125,36.719,37.687,611643.0
1415,002292,2016-02-29,36.749,36.798,33.922,33.922,183360.0
1416,002292,2016-03-01,31.756,36.629,31.266,35.101,689168.0
1417,002292,2016-03-02,34.362,36.948,34.132,36.449,579058.0
1418,002292,2016-03-03,35.95,38.925,35.68,36.539,618784.0
1419,002292,2016-03-04,36.099,36.948,33.253,33.443,532513.0
1420,002292,2016-03-07,33.932,35.53,33.533,33.992,372496.0
1421,002292,2016-03-08,33.573,35.95,31.366,35.121,555641.0
1422,002292,2016-03-09,34.062,36.149,33.553,34.542,413624.0
1423,002292,2016-03-10,34.532,35.231,32.904,33.204,310187.0
1424,002292,2016-03-11,32.255,33.293,31.945,32.664,242173.0
1425,002292,2016-03-14,33.593,35.93,33.563,35.93,619199.0
1426,002292,2016-03-15,35.93,36.319,35.111,35.171,460139.0
1427,002292,2016-03-16,35.85,36.299,33.932,35.171,431596.0
1428,002292,2016-03-17,35.45,38.686,35.45,38.686,782679.0
1429,002292,2016-03-18,39.425,41.292,38.796,40.214,833067.0
1430,002292,2016-03-21,40.543,41.562,39.475,40.943,731987.0
1431,002292,2016-03-22,40.084,41.352,39.724,39.824,560492.0
1432,002292,2016-03-23,39.944,42.94,39.455,42.73,724160.0
1433,002292,2016-03-24,41.542,42.72,40.743,40.863,641318.0
1434,002292,2016-03-25,40.823,41.871,40.264,40.943,428797.0
1435,002292,2016-03-28,40.943,41.512,39.195,39.445,498071.0
1436,002292,2016-03-29,39.045,40.234,37.947,39.365,432786.0
1437,002292,2016-03-30,39.954,41.492,39.545,41.492,512395.0
1438,002292,2016-03-31,41.262,42.381,40.543,40.653,556303.0
1439,002292,2016-04-01,40.653,41.322,38.726,39.455,394263.0
1440,002292,2016-04-05,39.555,41.142,38.935,40.863,398370.0
1441,002292,2016-04-06,40.743,41.132,39.784,40.144,367701.0
1442,002292,2016-04-07,40.244,40.423,38.706,38.716,394026.0
1443,002292,2016-04-08,38.426,38.426,36.629,37.547,368254.0
1444,002292,2016-04-11,38.296,39.145,37.947,38.007,359021.0
1445,002292,2016-04-12,37.647,38.696,36.898,38.666,341373.0
1446,002292,2016-04-13,39.065,40.743,39.055,39.455,626441.0
1447,002292,2016-04-14,39.944,40.843,39.465,40.044,434440.0
1448,002292,2016-04-15,39.744,39.904,38.826,39.115,330503.0
1449,002292,2016-04-18,38.646,38.646,37.617,37.937,291969.0
1450,002292,2016-04-19,38.057,38.506,37.478,38.296,284179.0
1451,002292,2016-04-20,38.226,38.416,34.592,35.181,505152.0
1452,002292,2016-04-21,35.181,35.53,33.643,33.952,287834.0
1453,002292,2016-04-22,33.653,34.881,33.453,34.861,215165.0
1454,002292,2016-04-25,34.552,34.552,33.473,34.162,212523.0
1455,002292,2016-04-26,34.192,34.951,34.052,34.951,205390.0
1456,002292,2016-04-27,34.951,35.111,34.262,34.372,203649.0
1457,002292,2016-04-28,34.382,34.622,33.184,34.032,221897.0
1458,002292,2016-04-29,33.773,34.312,33.643,33.723,159403.0
1459,002292,2016-05-03,33.903,35.331,33.383,35.181,302795.0
1460,002292,2016-05-04,35.001,35.41,34.661,34.821,257300.0
1461,002292,2016-05-05,34.851,35.291,34.701,35.101,220084.0
1462,002292,2016-05-06,35.191,35.251,33.223,33.223,359707.0
1463,002292,2016-05-09,32.574,32.574,30.957,31.166,291065.0
1464,002292,2016-05-10,31.146,31.546,30.997,31.156,148902.0
1465,002292,2016-05-11,31.266,31.596,29.958,30.038,263115.0
1466,002292,2016-05-12,29.619,29.698,28.58,29.189,253953.0
1467,002292,2016-05-13,29.259,29.718,28.969,29.309,181883.0
1468,002292,2016-05-16,29.369,29.998,29.259,29.958,202263.0
1469,002292,2016-05-17,30.308,30.308,29.359,29.658,229722.0
1470,002292,2016-05-18,29.229,29.229,27.981,28.34,202643.0
1471,002292,2016-05-19,28.62,30.857,28.62,29.339,378541.0
1472,002292,2016-05-20,28.959,29.958,28.66,29.678,177101.0
1473,002292,2016-05-23,29.928,30.407,29.788,30.348,239588.0
1474,002292,2016-05-24,30.238,30.238,29.419,29.638,193587.0
1475,002292,2016-05-25,29.948,30.258,29.359,29.579,185942.0
1476,002292,2016-05-26,29.459,29.958,28.66,29.838,194079.0
1477,002292,2016-05-27,29.938,30.387,29.708,29.928,208912.0
1478,002292,2016-05-30,29.838,30.108,29.279,29.509,142159.0
1479,002292,2016-05-31,29.668,31.576,29.579,31.456,365171.0
1480,002292,2016-06-01,31.466,31.576,31.057,31.166,295688.0
1481,002292,2016-06-02,31.037,31.406,30.957,31.376,221544.0
1482,002292,2016-06-03,31.376,32.305,31.037,31.576,328650.0
1483,002292,2016-06-06,31.795,32.015,31.057,31.206,211926.0
1484,002292,2016-06-07,31.236,31.356,30.667,31.126,166566.0
1485,002292,2016-06-08,31.156,31.296,30.727,31.037,162865.0
1486,002292,2016-06-13,30.647,30.647,28.37,28.46,278793.0
1487,002292,2016-06-14,28.44,28.75,28.061,28.26,159265.0
1488,002292,2016-06-15,27.971,29.329,27.771,28.959,179967.0
1489,002292,2016-06-16,28.87,29.07,28.4,28.52,159430.0
1490,002292,2016-06-17,28.45,29.3,28.4,28.55,171176.0
1491,002292,2016-06-20,28.61,29.28,28.34,28.96,182814.0
1492,002292,2016-06-21,29.3,29.42,28.39,28.47,175529.0
1493,002292,2016-06-22,28.5,28.85,28.31,28.82,113650.0
1494,002292,2016-06-23,28.8,29.48,28.75,29.34,220695.0
1495,002292,2016-06-24,29.12,29.32,27.03,28.47,228522.0
1496,002292,2016-06-27,28.22,29.09,28.22,28.98,157899.0
1497,002292,2016-06-28,28.9,29.65,28.73,29.5,253659.0
1498,002292,2016-06-29,29.64,30.13,29.3,29.8,262269.0
1499,002292,2016-06-30,29.8,30.23,29.36,29.95,206669.0
1500,002292,2016-07-01,29.9,30.37,29.7,29.71,193883.0
1501,002292,2016-07-04,29.4,30.14,29.3,29.95,186649.0
1502,002292,2016-07-05,30.1,30.19,29.54,29.88,209564.0
1503,002292,2016-07-06,29.71,29.9,29.4,29.58,185494.0
1504,002292,2016-07-07,29.55,29.75,28.72,29.12,198393.0
1505,002292,2016-07-08,29.13,29.5,28.91,29.29,136849.0
1506,002292,2016-07-11,30.0,30.5,29.24,29.42,349495.0
1507,002292,2016-07-12,29.7,30.45,29.48,30.28,365106.0
1508,002292,2016-07-13,30.51,33.31,30.11,33.31,662164.0
1509,002292,2016-07-14,34.41,35.67,32.74,34.2,1045378.0
1510,002292,2016-07-15,33.89,34.37,33.3,33.75,426861.0
1511,002292,2016-07-18,33.83,34.45,33.62,33.79,374947.0
1512,002292,2016-07-19,33.88,34.0,32.68,33.65,353344.0
1513,002292,2016-07-20,33.74,34.14,33.02,33.02,336442.0
1514,002292,2016-07-21,32.9,33.43,32.75,32.83,239778.0
1515,002292,2016-07-22,32.75,33.45,32.75,32.8,213176.0
1516,002292,2016-07-25,32.75,32.75,32.0,32.24,197816.0
1517,002292,2016-07-26,32.06,32.66,32.06,32.45,149446.0
1518,002292,2016-07-27,32.48,32.48,29.49,29.7,411911.0
1519,002292,2016-07-28,29.68,30.11,28.01,28.83,298925.0
1520,002292,2016-07-29,28.99,29.19,28.4,28.64,159222.0
1521,002292,2016-08-01,28.69,29.35,27.9,28.76,186159.0
1522,002292,2016-08-02,28.88,29.15,28.51,28.77,145100.0
1523,002292,2016-08-03,28.78,28.96,28.4,28.6,156304.0
1524,002292,2016-08-04,28.64,29.18,28.4,28.76,191480.0
1525,002292,2016-08-05,28.63,28.81,28.13,28.29,184743.0
1526,002292,2016-08-08,28.2,28.48,27.71,28.45,124628.0
1527,002292,2016-08-09,28.4,29.69,28.3,29.65,243885.0
1528,002292,2016-08-10,29.65,29.85,29.28,29.3,213751.0
1529,002292,2016-08-11,29.12,29.48,28.6,28.66,135698.0
1530,002292,2016-08-12,28.32,28.99,28.31,28.8,126765.0
1531,002292,2016-08-15,28.66,30.0,28.5,29.83,265000.0
1532,002292,2016-08-16,29.78,30.35,29.6,29.71,215186.0
1533,002292,2016-08-17,29.82,30.2,29.55,29.9,165412.0
1534,002292,2016-08-18,30.08,30.34,29.62,29.67,177186.0
1535,002292,2016-08-19,29.7,29.88,29.32,29.43,126259.0
1536,002292,2016-08-22,29.39,29.58,28.8,28.84,122986.0
1537,002292,2016-08-23,28.78,29.12,28.65,28.88,105550.0
1538,002292,2016-08-24,28.95,29.48,28.95,29.22,129231.0
1539,002292,2016-08-25,29.55,30.17,29.38,29.71,319323.0
1540,002292,2016-08-26,29.67,29.68,29.1,29.26,168745.0
1541,002292,2016-08-29,29.12,29.22,28.84,28.97,113076.0
1542,002292,2016-08-30,29.19,29.19,28.85,28.9,115086.0
1543,002292,2016-08-31,28.9,29.08,28.55,28.96,100799.0
1544,002292,2016-09-01,29.05,29.14,28.61,28.67,76759.0
1545,002292,2016-09-02,28.74,29.1,28.65,28.78,98517.0
1546,002292,2016-09-05,29.03,29.1,28.7,28.76,71895.0
1547,002292,2016-09-06,28.96,29.49,28.7,29.41,152289.0
1548,002292,2016-09-07,29.52,29.54,29.08,29.11,120011.0
1549,002292,2016-09-08,29.22,29.34,28.93,29.09,88093.0
1550,002292,2016-09-09,29.07,29.24,28.9,28.91,97225.0
1551,002292,2016-09-12,28.3,28.62,28.01,28.03,137131.0
1552,002292,2016-09-13,28.21,28.38,27.89,27.98,107842.0
1553,002292,2016-09-14,27.9,28.26,27.8,27.91,67906.0
1554,002292,2016-09-19,27.9,28.33,27.9,28.19,62119.0
1555,002292,2016-09-20,28.23,28.25,28.0,28.01,50616.0
1556,002292,2016-09-21,28.02,28.24,28.01,28.15,56584.0
1557,002292,2016-09-22,28.43,28.49,28.15,28.16,60713.0
1558,002292,2016-09-23,28.29,28.32,28.0,28.03,51197.0
1559,002292,2016-09-26,28.1,28.16,27.77,27.79,73329.0
1560,002292,2016-09-27,27.45,27.98,27.45,27.95,70956.0
1561,002292,2016-09-28,28.01,28.12,27.86,27.87,43537.0
1562,002292,2016-09-29,27.93,28.03,27.77,27.79,47099.0
1563,002292,2016-09-30,27.88,28.06,27.72,27.98,51960.0
1564,002292,2016-10-10,28.08,28.66,28.08,28.51,93357.0
1565,002292,2016-10-11,28.47,28.58,28.26,28.39,72315.0
1566,002292,2016-10-12,28.36,28.36,28.11,28.19,61758.0
1567,002292,2016-10-13,28.3,28.62,28.13,28.38,87617.0
1568,002292,2016-10-14,28.3,28.59,28.2,28.31,67781.0
1569,002292,2016-10-17,28.51,28.51,27.78,27.87,94591.0
1570,002292,2016-10-18,27.83,28.22,27.75,28.19,80269.0
1571,002292,2016-10-19,28.19,28.3,27.93,28.01,75621.0
1572,002292,2016-10-20,28.02,28.48,27.9,28.36,134531.0
1573,002292,2016-10-21,28.29,28.29,27.78,27.93,130590.0
1574,002292,2016-10-24,27.92,28.1,27.84,27.93,96442.0
1575,002292,2016-10-25,27.94,28.2,27.93,28.07,78121.0
1576,002292,2016-10-26,28.07,28.07,27.78,27.85,93579.0
1577,002292,2016-10-27,27.8,27.85,27.67,27.75,68291.0
1578,002292,2016-10-28,27.75,28.04,27.71,27.73,70817.0
1579,002292,2016-10-31,27.78,27.94,27.59,27.71,48495.0
1580,002292,2016-11-01,27.65,27.88,27.6,27.85,74541.0
1581,002292,2016-11-02,27.81,27.81,27.2,27.35,110588.0
1582,002292,2016-11-03,27.2,27.68,27.11,27.38,113498.0
1583,002292,2016-11-04,27.42,27.78,27.25,27.46,100476.0
1584,002292,2016-11-07,27.4,27.4,27.21,27.25,64597.0
1585,002292,2016-11-08,27.33,27.56,27.25,27.38,71147.0
1586,002292,2016-11-09,27.4,27.56,26.48,26.85,124133.0
1587,002292,2016-11-10,27.14,27.24,26.89,26.99,92236.0
1588,002292,2016-11-11,27.13,27.13,26.72,26.92,102671.0
1589,002292,2016-11-14,26.96,27.66,26.93,27.2,122756.0
1590,002292,2016-11-15,27.18,27.45,27.03,27.42,105566.0
1591,002292,2016-11-16,27.41,27.97,27.4,27.71,183739.0
1592,002292,2016-11-17,27.69,27.69,27.24,27.36,88085.0
1593,002292,2016-11-18,27.4,27.59,27.13,27.19,72387.0
1594,002292,2016-11-21,27.25,27.37,27.03,27.1,65050.0
1595,002292,2016-11-22,27.1,27.33,27.02,27.27,73714.0
1596,002292,2016-11-23,27.35,27.45,27.1,27.15,96029.0
1597,002292,2016-11-24,27.11,27.13,26.73,26.85,111787.0
1598,002292,2016-11-25,26.85,27.0,26.52,26.96,75817.0
1599,002292,2016-11-28,26.97,27.1,26.86,26.9,68624.0
1600,002292,2016-11-29,26.88,27.09,26.84,26.84,79742.0
1601,002292,2016-11-30,26.81,27.13,26.68,26.94,78187.0
1602,002292,2016-12-01,26.9,27.15,26.87,27.02,77437.0
1603,002292,2016-12-02,27.13,27.15,26.64,26.65,79363.0
1604,002292,2016-12-05,26.66,27.0,26.51,26.89,61797.0
1605,002292,2016-12-06,26.89,26.98,26.75,26.8,45550.0
1606,002292,2016-12-07,26.82,26.9,26.64,26.86,56329.0
1607,002292,2016-12-08,26.86,26.89,26.46,26.48,63699.0
1608,002292,2016-12-09,26.5,26.54,25.91,25.92,107908.0
1609,002292,2016-12-12,25.63,25.83,23.81,23.85,186870.0
1610,002292,2016-12-13,23.85,24.12,23.63,23.96,68492.0
1611,002292,2016-12-14,24.02,24.1,23.39,23.5,55673.0
1612,002292,2016-12-15,23.46,23.88,23.33,23.59,57020.0
1613,002292,2016-12-16,23.65,23.96,23.5,23.94,60639.0
1614,002292,2016-12-19,23.98,23.98,23.52,23.59,44189.0
1615,002292,2016-12-20,23.59,23.75,23.4,23.52,36989.0
1616,002292,2016-12-21,23.67,23.76,23.54,23.65,37081.0
1617,002292,2016-12-22,23.7,23.72,23.43,23.52,45521.0
1618,002292,2016-12-23,23.6,24.58,23.5,23.89,160242.0
1619,002292,2016-12-26,23.61,23.67,22.5,23.3,94829.0
1620,002292,2016-12-27,23.12,23.27,22.87,23.03,70011.0
1621,002292,2016-12-28,23.03,23.1,22.76,22.78,46949.0
1622,002292,2016-12-29,22.71,22.93,22.71,22.77,40580.0
1623,002292,2016-12-30,22.78,22.89,22.63,22.7,30630.0
1624,002292,2017-01-03,22.8,23.0,22.7,22.81,39520.0
1625,002292,2017-01-04,22.94,23.45,22.77,23.2,91433.0
1626,002292,2017-01-05,23.19,23.42,23.04,23.11,54480.0
1627,002292,2017-01-06,23.05,23.13,22.74,22.77,53933.0
1628,002292,2017-01-09,22.84,23.0,22.67,22.9,43558.0
1629,002292,2017-01-10,22.98,22.98,22.76,22.78,43372.0
1630,002292,2017-01-11,22.77,22.78,22.48,22.48,54102.0
1631,002292,2017-01-12,22.43,22.7,22.05,22.09,51615.0
1632,002292,2017-01-13,22.1,22.28,21.43,21.48,76141.0
1633,002292,2017-01-16,21.5,21.54,19.75,20.28,124880.0
1634,002292,2017-01-17,20.2,20.89,20.03,20.71,73862.0
1635,002292,2017-01-18,20.6,20.98,20.42,20.68,48639.0
1636,002292,2017-01-19,20.47,20.78,20.41,20.56,35437.0
1637,002292,2017-01-20,20.63,21.16,20.5,21.05,84380.0
1638,002292,2017-01-23,21.02,21.3,20.97,21.09,46784.0
1639,002292,2017-01-24,21.14,21.15,20.86,20.9,31128.0
1640,002292,2017-01-25,20.79,21.07,20.72,20.91,39352.0
1641,002292,2017-01-26,21.0,21.71,20.94,21.54,67981.0
1642,002292,2017-02-03,21.3,21.5,21.11,21.29,42079.0
1643,002292,2017-02-06,21.3,21.54,21.26,21.37,43128.0
1644,002292,2017-02-07,21.37,21.38,21.01,21.12,48070.0
1645,002292,2017-02-08,21.05,21.22,20.93,21.21,42456.0
1646,002292,2017-02-09,21.2,21.4,21.12,21.32,49825.0
1647,002292,2017-02-10,21.23,21.31,21.06,21.12,46895.0
1648,002292,2017-02-13,21.14,21.3,20.93,21.11,67779.0
1649,002292,2017-02-14,21.2,21.28,21.07,21.1,43707.0
1650,002292,2017-02-15,21.01,21.25,20.82,20.82,52486.0
1651,002292,2017-02-16,20.79,20.88,20.64,20.8,45854.0
1652,002292,2017-02-17,20.6,20.91,20.6,20.65,42070.0
1653,002292,2017-02-20,20.65,20.7,20.42,20.6,57694.0
1654,002292,2017-02-21,20.88,22.66,20.62,21.9,292099.0
1655,002292,2017-02-22,21.68,22.15,21.45,22.0,168613.0
31,002292,2017-02-22,21.68,22.15,21.45,22.0,168613.0
32,002292,2017-02-23,21.7,22.24,21.7,22.01,111244.0
33,002292,2017-02-24,22.1,22.86,21.91,22.46,180322.0
33,002292,2017-02-24,22.1,22.86,21.91,22.46,180322.0
34,002292,2017-02-27,22.32,22.64,21.95,21.99,104152.0
35,002292,2017-02-28,21.99,22.05,21.65,21.99,86798.0
36,002292,2017-03-01,21.98,22.65,21.85,22.6,158516.0
37,002292,2017-03-02,22.65,22.69,22.21,22.22,91127.0
38,002292,2017-03-03,22.23,22.63,22.1,22.51,94991.0
39,002292,2017-03-06,22.48,23.18,22.33,22.96,145776.0
40,002292,2017-03-07,22.92,23.13,22.65,22.92,105967.0
41,002292,2017-03-08,22.8,22.8,22.19,22.2,132642.0
42,002292,2017-03-09,22.12,22.33,21.91,22.0,71175.0
43,002292,2017-03-10,22.08,22.24,21.92,21.96,56391.0
44,002292,2017-03-13,21.91,22.16,21.6,22.1,73119.0
45,002292,2017-03-14,21.98,22.16,21.64,21.7,73080.0
46,002292,2017-03-15,21.6,21.68,21.25,21.34,79005.0
47,002292,2017-03-16,21.34,22.17,21.34,21.98,122874.0
48,002292,2017-03-17,21.84,22.16,21.63,21.66,109991.0
49,002292,2017-03-20,21.6,21.84,21.45,21.79,68303.0
50,002292,2017-03-21,21.76,22.06,21.65,22.02,76432.0
51,002292,2017-03-22,21.92,21.96,21.55,21.63,65625.0
52,002292,2017-03-23,21.55,21.98,21.46,21.57,83716.0
53,002292,2017-03-24,21.57,21.66,21.3,21.44,63192.0
54,002292,2017-03-27,21.5,21.7,21.3,21.34,48202.0
55,002292,2017-03-28,21.34,21.34,20.73,20.96,92539.0
56,002292,2017-03-29,21.05,21.05,20.67,20.78,43987.0
57,002292,2017-03-30,20.77,20.79,19.98,20.08,118782.0
58,002292,2017-03-31,20.01,20.22,20.01,20.08,48290.0
59,002292,2017-04-05,20.0,20.47,19.9,20.45,65688.0
60,002292,2017-04-06,20.36,20.53,20.34,20.41,42747.0
61,002292,2017-04-07,20.42,21.04,20.41,20.94,101330.0
62,002292,2017-04-10,20.75,20.93,20.5,20.58,56678.0
63,002292,2017-04-11,20.4,20.9,20.32,20.88,71598.0
64,002292,2017-04-12,20.98,21.09,20.45,20.52,64772.0
65,002292,2017-04-13,20.57,20.71,20.3,20.41,45839.0
66,002292,2017-04-14,20.15,20.59,20.15,20.15,46882.0
67,002292,2017-04-17,20.15,20.19,19.96,20.08,44821.0
